file,quote,type,speaker,cue,addressee,frame,quote_offsets,cue_offsets,speaker_offsets,addressee_offsets,frame_offsets
Sorge_1895_VSArbeiterbewegung[2].txt,"eine General-Exekutive von vier Personen in Verbindung mit dem General¬
Werkmeister",Indirect,General-Werkmeister,,,"General-Werkmeister,",10630-10713,,10474-10493,,10474-10494
Sorge_1895_VSArbeiterbewegung[2].txt,General-Assembly General-Exekutive,Direct,,,,,11532-11548;11587-11604,,,,
Sorge_1895_VSArbeiterbewegung[2].txt,General-Exekutive,Direct,,,,,11587-11604,,,,
Sorge_1895_VSArbeiterbewegung[2].txt,"Ein Drittel den Angestellten des Unternehmens, das den Profit abwirft,
nach Maßgabe ihres Arbeitslohns.“",Indirect,Von,,,,14152-14256,,14307-14310,,
Sorge_1895_VSArbeiterbewegung[2].txt,“,Direct,Nr.,,,,15172-15173,,14825-14828,,
Sorge_1895_VSArbeiterbewegung[2].txt,“,Direct,Nr.,,,,15172-15173,,14825-14828,,
Sorge_1895_VSArbeiterbewegung[2].txt,"Der
Orden der Arbeitsritter hat eine bedentende, nicht immer rühmliche Rolle in der
Arbeiterbewegung der Vereinigten Staaten gespielt und großen, häufig ungünstigen
Einfluß auf dieselbe ausgeülbt. Wirklich Gutes und Bedeutendes hat der Orden
geleistet durch die Organisation großer Massen von ungelernten (unskilled),
Arbeitern, dieser untersten Schicht der Arbeiterklasse, und auf diesem Felde sind,
noch viel Lorbeeren zu erringen.
Zum Schlusse dieser Mittheilungen sei den Arbeitsrittern selbst und ihren
Beamten das Wort gegeben mit folgenden Auszügen aus dem Jahresheft der
Arbeitsritter für 1891..",IndirectFreeIndirect,In Nr. 188 erklärt der General-Werkmeister,,,,15572-15768;16240-16646,,15174-15216,,
Sorge_1895_VSArbeiterbewegung[2].txt,In Nr. 188 erklärt der General-Werkmeister,Indirect,,,,,15174-15216,,,,
Sorge_1895_VSArbeiterbewegung[2].txt,"(temperance) Organisation im Lande; nicht etwa, daß er die größte
Zahl von Anhängern vollständiger Enthaltsamkeit (teetotalers) habe, sondern die
größte Zahl von Personen, die weniger als früher trinken, und viele, die dem¬
Genuß geistiger Getränke ganz entsagt haben. In seinen Sitzungen wird kein
Betrunkener geduldet.",Direct,„,,,,21838-22158,,21751-21752,,
Sorge_1895_VSArbeiterbewegung[2].txt,"(temperance) Organisation im Lande; nicht etwa, daß er die größte
Zahl von Anhängern vollständiger Enthaltsamkeit (teetotalers) habe, sondern die
größte Zahl von Personen, die weniger als früher trinken, und viele, die dem¬
Genuß geistiger Getränke ganz entsagt haben. In seinen Sitzungen wird kein
Betrunkener geduldet.",Direct,,,,,21838-22158,,,,
Sorge_1895_VSArbeiterbewegung[2].txt,"(temperance) Organisation im Lande; nicht etwa, daß er die größte
Zahl von Anhängern vollständiger Enthaltsamkeit (teetotalers) habe, sondern die
größte Zahl von Personen, die weniger als früher trinken, und viele, die dem¬
Genuß geistiger Getränke ganz entsagt haben. In seinen Sitzungen wird kein
Betrunkener geduldet.""


Dr. W. Ellenbogen: Die Verstaatlichung des Aerzteberufes.
139
„Mehr als irgend eine andere Ursache hat der Orden dazu beigetragen, den
Geist der Anarchie zu unterdrücken, der sich so reißend schnell ausbreitete.",Direct,Dr. W. Ellenbogen,,,,21838-22373,,22162-22179,,
Sorge_1895_VSArbeiterbewegung[2].txt,"„Der Orden hat die Unmäßigkeit vermindert und ist die stärkste praktischer
Mäßigkeits- (temperance) Organisation im Lande; nicht etwa, daß er die größte
Zahl von Anhängern vollständiger Enthaltsamkeit (teetotalers) habe, sondern die
größte Zahl von Personen, die weniger als früher trinken, und viele, die dem¬
Genuß geistiger Getränke ganz entsagt haben. In seinen Sitzungen wird kein
Betrunkener geduldet.""


Dr. W. Ellenbogen: Die Verstaatlichung des Aerzteberufes.
139
„Mehr als irgend eine andere Ursache hat der Orden dazu beigetragen, den
Geist der Anarchie zu unterdrücken, der sich so reißend schnell ausbreitete.",Direct,,,,,21751-22373,,,,
Teler_1895_BauernbewegungInGalizien.txt,"sie
ließen sich ihre geliebten Blätter nicht entreißen",Indirect,Sie,,,"Sie überwanden den Schmerz wegen verweigerten Taufen,
Absagen religiöser Begräbnisse, wegen Beschimpfungen von der Kanzel —",14628-14682,,14504-14507,,14504-14627
Teler_1895_BauernbewegungInGalizien.txt,"daß es einerlei sei, ob man dem Sozig¬
lismus oder der Bauernbündelei fröhne",Indirect,der Kanzel,erfuhren,die Bauern,"von der Kanzel erfuhren die Bauern,",15036-15112,15015-15023,15004-15014,15024-15034,15000-15035
Teler_1895_BauernbewegungInGalizien.txt,"sie gewöhnten sich an das Schlagwort¬
Sozialismus und suchten in ihrer Bedrängniß Hilfe bei den fozialdemokratischen
Redaktionen",Reported,sie,,,,15114-15242,,15114-15117,,
SP+etal._1896_NotizenFeuilleton.txt,"„Ich glaube eher krank, Herr!""",Direct,das Bürschchen,seufzte,,,7789-7819,7820-7827,7828-7842,,
SP+etal._1896_NotizenFeuilleton.txt,"„Da solltest Du Dir auf eine Zeit Ruhe gönnen und Mutters Ofenbank¬
auffuchen.
Ich bint ein Kind aus dem städtischen Waifenhause, Herr!“",Direct,"der
Kleine",klagte,,"klagte der
Kleine, indem er eiligft davonschlüpfte",7844-7980,7981-7987,7988-7998,,7981-8031
SP+etal._1896_NotizenFeuilleton.txt,"„Der hat genug Mißwachs für seine Jahre!""",Direct,der Fremde,dachte,,"dachte der Fremde und hob¬
um",8033-8074,8075-8081,8082-8092,,8075-8104
SP+etal._1896_NotizenFeuilleton.txt,"„Ich glaube eher krank, Herr!"" seufzte das Bürschchen.
„Da solltest Du Dir auf eine Zeit Ruhe gönnen und Mutters Ofenbank¬
auffuchen.
Ich bint ein Kind aus dem städtischen Waifenhause, Herr!“ klagte der
Kleine, indem er eiligft davonschlüpfte.
„Der hat genug Mißwachs für seine Jahre!"" dachte der Fremde und hob¬
um. Kein Zweifel,
nachdenklich das Glas. Dann sah er sich in dem Raums
In breitklotziger Hal¬
er befand sich im Mittelpunkt echt deutschen Volksthums.
tung schmansten dort zwei Bauern, die vom Notariat kamen, wo sie eine Erb¬
schaft angetreten hatten; mit ängstlicher Sorgfalt blickte hier ein rüstig Weib auf
sein bleichsüchtiges, wohlvermummtes Töchterlein, dem der städtische Arzt nichts
Gutes prophezeit; was konnte der junge Fant, der uebenan hoffnungslos in das
Gaslicht starrte, anders sein als ein enklassener Arbeiter, der in seine Heimath,
zu reisen gedachte, bangen Gemüths, jetzt, da das Jahr zur Neige ging?
Lauter Gestalten, die auf die Abfahrt des nächsten Zuges und auf das
Glück warteten.
",Indirect,,,,,7789-8808,,,,
SP+etal._1896_NotizenFeuilleton.txt,"„Na, dann seid mir bestens willkommen; ich bin Werkmeister bei jenen Leuten!,
Sie reichten einander die Hände.",Direct,seiner,,,,9796-9906,,8953-8959,,
SP+etal._1896_NotizenFeuilleton.txt,rüftiger Blaukittel mit dem Glase,Direct,seiner,,,,9348-9381,,8953-8959,,
SP+etal._1896_NotizenFeuilleton.txt,"Sprechers „Ich komme aus den Kohlendörfern, einen Platz anzufehen, für den ich
halb gemiethet bin.“",Direct,,,,,9523-9532;9609-9698,,,,
SP+etal._1896_NotizenFeuilleton.txt,"Sprechers „Ich komme aus den Kohlendörfern, einen Platz anzufehen, für den ich
halb gemiethet bin.“",Direct,,,,,9523-9532;9609-9698,,,,
SP+etal._1896_NotizenFeuilleton.txt,ihn,Direct,,,,,11013-11016,,,,
SP+etal._1896_NotizenFeuilleton.txt,"„Kamerad, diese Stunde gehört den Hyänen des Schlachtfeldes; wir müssen,
gehen!",Direct,,,,,13618-13697,,,,
SP+etal._1896_NotizenFeuilleton.txt,"„Karl Berger, Maschinist, zugereist aus dem Nelkendorfel“",Direct,er¬,murmelte,,murmelte er¬,14765-14822,14823-14831,14832-14835,,14823-14835
SP+etal._1896_NotizenFeuilleton.txt,"„Walther, fassen Sie den Menschen da ein wenig ins Auge; die¬
Firma kommt mir verdächtig vor!""",Direct,er¬,murmelte,,murmelte er¬,14848-14942,14823-14831,14832-14835,,14823-14835
Schmidtetal._1895_LiterarischeRundschau_Notizen.txt,"„Geld wie Hen, ein Haus wie ein Palast, die Töchter gut verheirathett Nur¬
der Sohn — ja ja, der Sohn — da sitzt der Haken!“",Direct,,,,,13622-13746,,,,
Schmidtetal._1895_LiterarischeRundschau_Notizen.txt,"„Er läßt nicht von der Person, Gott bewahre. Wenn die Alten sich das
einbilden, dann irren sie sich gründlich.""",Direct,,,,,14001-14112,,,,
Schmidtetal._1895_LiterarischeRundschau_Notizen.txt,"„Er kann auch nicht von ihr los.""",Direct,,,,,14113-14146,,,,
Schmidtetal._1895_LiterarischeRundschau_Notizen.txt,"„Er kann nicht? Warum nicht?""",Direct,,,,,14147-14176,,,,
Schmidtetal._1895_LiterarischeRundschau_Notizen.txt,"„Sie hat ihm was eingegeben."" „Ach, gehen Sie!""",Direct,,,,,14177-14206;14207-14224,,,,
Schmidtetal._1895_LiterarischeRundschau_Notizen.txt,"rechter Luft den Mägden beim
Aufräumen, verwahrte das Silberzeug, verkorkte angebrochene Weinflaschen",Direct,"die Speisereste weg, wie sie es als gute deutsche",,,,22487-22588,,22600-22649,,
Schmidtetal._1895_LiterarischeRundschau_Notizen.txt,"rechter Luft den Mägden beim
Aufräumen, verwahrte das Silberzeug, verkorkte angebrochene Weinflaschen",Direct,"die Speisereste weg, wie sie es als gute deutsche",,,,22487-22588,,22600-22649,,
Schulz_1896_PestalozzisGeburtstage.txt,"„In dem Siege der Ideen der politischen Frei¬
heit und Gleichheit und der allgemeinen Anerkennung der Menschen¬
rechte erblickt Pestalozzi den Sieg feiner eigenen, seit Jahren nicht nur im
Stillen gehegten, sondern durch Wort und Schrift verbreiteten heiligsten und
tiefsten Ueberzeugungen“",Direct,,,,,6912-7202,,,,
Schulz_1896_PestalozzisGeburtstage.txt,da Pestalozzi,Indirect,eigener Aussage,nach,,"nach
eigener Aussage",14328-14341,14342-14346,14347-14362,,14342-14362
Schulz_1896_PestalozzisGeburtstage.txt,"„drei Jahre lang mit unglaublicher Mühseligkeit""",Direct,,nach,,"nach
eigener Aussage",14363-14411,14342-14346,,,14342-14362
Schulz_1896_PestalozzisGeburtstage.txt,"„Wesen nicht entsprechenden Wege abstrakte
philosophischer Forschung“",Direct,,getadelt,,,14611-14680,14681-14689,,,
Schulz_1896_PestalozzisGeburtstage.txt,"Pestalozzi sagt selbst einleitend:
„Ich bin überzeugt, meine Wahrheit ist Volkswahrheit und mein Irrthum ist Volks¬
irrthum."" Pestalozzi sagt selbst einleitend:
„Ich bin überzeugt, meine Wahrheit ist Volkswahrheit und mein Irrthum ist Volks¬
irrthum."" Ich bin überzeugt, für einen Arbeiter unserer Zeit kesen sich die
„Nachforschungen“ nicht „etwas mühsam"", die im Gegentheil fast Zeile für Zeile
verwandte Saiten in dem Fühlen und Denken des arbeitenden Volkes von heute¬
berühren, die wie letzteres in kühnen Angriffen der herrschenden Gesellschaft Trotz¬
bieten.",Direct,Morf,,,,15168-15293;15168-15607,,14703-14707,,
Schulz_1896_PestalozzisGeburtstage.txt,"Ich bin überzeugt, für einen Arbeiter unserer Zeit kesen sich die
„Nachforschungen“",IndirectFreeIndirect,,,,"getadelt (Seyffarth), Morf",15294-15377,,,,14681-14707
Schulz_1896_PestalozzisGeburtstage.txt,"„etwas mühsam""",Direct,,,,"getadelt (Seyffarth), Morf",15384-15398,,,,14681-14707
Schulz_1896_PestalozzisGeburtstage.txt,"Pestalozzi sagt selbst einleitend:
„Ich bin überzeugt, meine Wahrheit ist Volkswahrheit und mein Irrthum ist Volks¬
irrthum."" Ich bin überzeugt, für einen Arbeiter unserer Zeit kesen sich die
„Nachforschungen“ nicht „etwas mühsam"", die im Gegentheil fast Zeile für Zeile
verwandte Saiten in dem Fühlen und Denken des arbeitenden Volkes von heute¬
berühren, die wie letzteres in kühnen Angriffen der herrschenden Gesellschaft Trotz¬
bieten.",Direct,Hennig,erzählt,,Hennig erzählt:,15168-15607,15906-15913,15899-15905,,15899-15914
Schulz_1896_PestalozzisGeburtstage.txt,"„Was ist in einem Staat das Verhältniß der Eigenthümer
gegen die Nichteigenthümer? — des Besitzstandes gegen die Menschen, die keinen
Theil an der Welt haben? Gehört diesen unseren Mitmenschen, die mit gleichen
Naturrechten wie wir geboren, die jede Last der gesellschaftlichen Ver¬
einigung siebenfach tragen, keine ihre Natur befriedigende Stellung.
in unserer Mitte? Fürchtet ench nicht, Besitzer der Erde; es ist hierin¬
wahrlich mehr um Grundsätze, als um Almosen, mehr um Rechtsgefühl, als
um Spitäler, mehr um Selbständigkeit, als um Gnaden zu thun.)


458
Die Neue Zeit.",Direct,,,,,20392-20970,,,,
Schulz_1896_PestalozzisGeburtstage.txt,"„Wenn ich das und dergleichen.
frage, so kann ich mir nicht verhehlen: das
erleuchtete Jahrhundert kennt diesen Grundsatz nicht; je aufgeklärter unsere Zeiten
werden, je weniger lassen die Staaten solche Fragen an sich herankommen.“",Direct,,,,,20971-21203,,,,
Schulz_1896_PestalozzisGeburtstage.txt,"„Wenn ich das und dergleichen.
frage, so kann ich mir nicht verhehlen: das
erleuchtete Jahrhundert kennt diesen Grundsatz nicht; je aufgeklärter unsere Zeiten
werden, je weniger lassen die Staaten solche Fragen an sich herankommen.“",Direct,,,,,20971-21203,,,,
Schulz_1896_PestalozzisGeburtstage.txt,Sie folgendermaßen:,Direct,,,,,21332-21335;23074-23089,,,,
Schulz_1896_PestalozzisGeburtstage.txt,"Sie folgendermaßen: „daß die Unterwerfung in den Jahrbüchern des Menschengeschlechts allgemein¬
blos als ein Zwang- und Nothstand zum Vorschein kommt, in welchem die
Schwäche unseres Geschlechts von aller Sicherheit des Rechts soviel als gesetzlich,
ausgeschlossen und in den wesentlichsten Bedürfnissen des Lebens beeinträchtigt,
sich in Lagen versetzt sieht, die ihm nicht einmal erlauben, sein Leben anders,
wenn auch nicht mühsam und elend, doch in seinen ersten Gefühlen gekränkt und
durch Rechtlosigkeit und Ehrlosigkeit erniedrigt, zu durchdarben.“",Direct,,,,,21332-21335;23074-23089;23114-23649,,,,
Schulz_1896_PestalozzisGeburtstage.txt,"Die
gesetzlose Gewalt Die
gesetzlose Gewalt glaubt, sie sei selber das Gesetz, sie wähnt, Gesetz und Recht¬
liegen in ihr wie die Eier in den Hühnern. Was der Unterthan im Schweiße
seines Angesichts und was ihm Gott in seiner Gnade giebt, das meint sie, seien¬
alles ihre Eier.",Direct,,,,,27312-27333;27312-27567,,,,
Schulz_1896_PestalozzisGeburtstage.txt,"die
Hand auf dem Wanst, ich habe ihn mit Schmerzen geboren, und wenn es übe li
im Lande geht",Indirect,sie,spricht,,"Wenn sie den Wohlstand im Lande steht, so spricht sie,",27623-27715,27610-27617,27618-27621,,27568-27622
Schulz_1896_PestalozzisGeburtstage.txt,"Die gottlosen Leute,
ich habe sie treulich gewarnt, aber wer vermag etwas wider den, der im Himmel
regiert?",IndirectFreeIndirect,sie,sagt,,", so sagt sie, den Zeigefinger über die Nase:",27761-27868,27720-27724,27725-27728,,27715-27760
Schulz_1896_PestalozzisGeburtstage.txt,"„Die Religion muß die Sache der Sittlichkeit sein, als Sache der Macht¬
ist sie in ihrem Wesen nicht Religion, und das Finanzgeschrei der durch¬
ihre philosophischen Irrthümer und durch ihre politischen Gewalt¬
thätigkeiten bankerott gewordenen Staatskünstler, daß wir wieder


460
Die Neue Zeit.
zu Religtosität zurückgestimmt werden müssen, dieses Finanzgeschrei einer
Staatskunst, die, nachdem sie das Menschengeschlecht auf das Aeußerste gebracht,
hat, sich nun auch selber auf diesem Aeußersten findet, wird uns, so wie es ist,
weder zur Religion, noch zur Sittlichkeit, noch irgendwohin bringen.“",Direct,Pestalozzi,,,,28011-28613,,27999-28009,,
Schulz_1896_PestalozzisGeburtstage.txt,"„Als Werk des Staats ist sie
Betrug
Gewaltig hat ihn das Mitleid mit den Unterdrückten erfaßt und in flam¬
menden Worten giebt er seiner Empörung gegen diejenigen, die zu Bedrückern
des Volkes werden, Ausdruck.",Direct,er,,,,28823-29033,,28950-28952,,
Schulz_1896_PestalozzisGeburtstage.txt,"„Soviel ist gewiß, alles, was die gesellschaft¬
liche Rechtlichkeit im Volk auslöscht, das ist immer die eigentliche und ursprüng¬
liche Quelle des Aufruhrs. Wer also in einem jeden Staat die meisten Sachen¬
thut, durch die sich die gesellschaftliche Rechtlichkeit im Volk auslöscht, der ist es
auch, der in demselben den Samen des Aufruhrs am meisten aussät, und ich
denke, der ihn am meisten aussät, ist auch am meisten Schuld, wenn er auf¬
geht.""",Direct,Pestalozzi,weiß,,"So weiß Pestalozzi fehr wohl, —, so giebt es den¬
noch für ihn bei gewissen Situationen des gesellschaftlichen Lebens keinen Zweifel,
bezüglich seiner eigenen Stellung.",30180-30629,29843-29847,29848-29858,,29840-29869;30041-30179
Schulz_1896_PestalozzisGeburtstage.txt,"„das Unrecht der Welt daher allent¬
halben und durch Gewalt""",Direct,Pestalozzi,,,"— Ewig sagt der Mensch, der mächtig und
thierisch zugleich ist, zu der Schwäche seines Geschlechts: Du bist um meinet¬
willen da; und spielt dann über die gereihten Schaaren desselben wie über¬
gereihte Saiten des Hackbretts; was achtet er das Springen der Säiten, es sind
ja nur Saiten; so viel Männer im Land sind, so viel hat er ja Saiten, som
viel ihrer zerspringen, so viel wirft er weg, und so viel er wegwirft, so viel
spannt er wieder über sein löcherichtes, klimperndes Brett, es sind ja nur Saiten.
Ha, es sind Menschen! Und sie werden in der namenlosen Erniedrigung
eines rechtlosen Dienstes wie die Pfoten an den Klauen des Bären; sie wissen¬
gar nicht, was das murrende Thier will, das auf seinen Vieren steht, aber sie
klammern sich fest in die Eingeweide eines Jeden, gegen den es brummt.)
So weiß Pestalozzi fehr wohl,",29874-29934,,29848-29858,,29035-29869
Schulz_1896_PestalozzisGeburtstage.txt,"daß „das Unrecht der Welt daher allent¬
halben und durch Gewalt"" endete, und wenn er auch nicht den Aufruhr, die
Revolution an sich billigte — „der Aufruhr ist nie recht""",Indirect,,,,,29870-30040,,,,
Schulz_1896_PestalozzisGeburtstage.txt,"alles, wasi
er thut, set Sünde, und thut doch alles, was er meint, das Sünde sei",Indirect,er,meint,,"Von
jedem Retz gelockt und von jeder Drohung geschreckt, meint er dann,",31894-31974,31879-31884,31885-31887,,31822-31893
Schulz_1896_PestalozzisGeburtstage.txt,"„Verhältnisse"" im deutschen Handwerk.",Direct,"der Noth seiner


Dr. Max Quarck",,,"wenn von der Noth seiner


Dr. Max Quarck:",32072-32109,,32038-32070,,32029-32071
Schulz_1896_PestalozzisGeburtstage.txt,"461
Kinder die Rede ist sorgen sie auch, ich habe auch sorgen müssen,
und ebensowenig rührt ihn die Nachwelt, sein Geschlecht und sein Volk",Indirect,er,so sagt,,", so sagt er,",32110-32133;32147-32262,32135-32142,32143-32145,,32133-32146
Schulz_1896_PestalozzisGeburtstage.txt,"- Dis
Frage, ob der Mensch durch eine solche Erschlaffung nicht schlechter
werden könne, als durch den Aufruhr, ist also keine
verfängliche Frage",Indirect,,so Gott will,,", so Gott will,",32264-32384;32400-32424,32386-32398,,,32384-32399
Sorge_1895_VSArbeiterbewegung[3].txt,(,Direct,überwunden.,,,,4908-4909,,4809-4820,,
Sorge_1895_VSArbeiterbewegung[3].txt,( schwach besucht.,Direct,überwunden.,,,,4908-4909;5043-5059,,4809-4820,,
Sorge_1895_VSArbeiterbewegung[3].txt,"schwach besucht. Nur 17 Delegirte waren anwesend, Ver¬
treter der Maschinisten, Zimmerlette, Zigarrenmacher, Schriftsetzer (deutsch),
Typographen (englisch), Granitsteinhauer, Matrosen der Binnenseen, Spinner und
zehn verschiedener Gewerkschaftsräthe von größeren Orten und Landestheilen. Die
Eisen- und Stahlarbeiter und die Arbeitsritter, so zahlreich im ersten Kongreß,
glänzten durch ihre Abwesenheit. Der Kongreß strich die Schutzzollplanke (Nr. 11).
und fügte zwei andere Forderungen bei, nämlich gegen das Kontræktsystem bei
Regierungsarbeiten und für den Erlaß von Haftpflichtgesetzen. Sehr energisch
wurde die Durchführung des nationalen Achtstundengesetzes gefordert und zwar¬
mit gutem Grunde, denn, wie Kongreßmann Murch, ein Delegirter auf der
Konvention, mittheilte, hatte der Prüsident der Vereinigten Staaten, Herr Arthur,


Die Neue Zeit.
238
einem deshalb bei ihm vorstellig gewordenen Komite erklärt: „Ich halte das
Achtstundengesetz nicht für konstitutionell und keine Macht auf Erden kann mich
nöthigen, ein verfassungswidriges Gesetz durchzuführen"", worauf ihm Murch¬
erwidert hattet „Herr Präsident, ich habe bisher nicht gewußt, daß Sie dazu
da seien, die Gesetze auszulegen, und war der Meinung, daß Sie dazu da seien,
dieselben auszuführen....“ Der Föderationskongreß verlangte ferner das gesetz¬
liche Verbot der Einwanderung von Chinesen, erklärte die Organisationen von
Arbeiterinnen berechtigt zur Vertretung in der Föderation und empfahl den
Arbeltern das Studium der Landfrage — eine Folge der Henry Georgischen
Agitation —, ohne sich indessen näher damit zu befassen, denn Sam. Gompers
erklärte emphatisch: „Wir sind orgauisirt zur Abwehr gegen die Handlungen der
Kapitalisten, nicht gegen den Grundbesitz.“ Gegen die Zigarrenfabrikation in den
Miethkajernen (tenement houses) wurde Protest erhoben und auch der Boykott,
trat in die Erscheinung.",Direct,"der Boykott,
trat in die Erscheinung.",auch,,,5043-6921,6879-6883,6884-6921,,
Sorge_1895_VSArbeiterbewegung[3].txt,bereits eingetretener Zwistigkeiten wurden,Indirect,,,,,6935-6977,,,,
Sorge_1895_VSArbeiterbewegung[3].txt,Rechnungsablage Ausgaben,Indirect,Die,zeigtet,,"Die zeigtet Einnahmen 726,14,",9154-9169;9196-9204,9170-9177,9150-9153,,9150-9153;9170-9195
Sorge_1895_VSArbeiterbewegung[3].txt,"der Föderation einen bestimmten Prozentsatz ihrer
Einnahmen zur Verfügung zu stellen, wenn die anderen Organisationen das
Gleiche thun wollten",Indirect,"Die vierte Konvention Die Internationale
Zigarrenmacher-Union",erbot sich,,"Die Internationale
Zigarrenmacher-Union erbot sich,",10017-10159,10005-10015,9221-9242;9965-10004,,9965-10016
Sorge_1895_VSArbeiterbewegung[3].txt,"die Arbeitsritter zur Mitwirkung
bei der Forderung des Achtstundentages einzuladen",Indirect,"Das Wichtigste war indessen der von der Brüiderschaft der Zimmerleute¬
eingebrachte und mit 23 gegen 2 Stimmen gefaßte Beschluß: der von der Brüiderschaft der Zimmerleute¬
eingebrachte und mit 23 gegen 2 Stimmen gefaßte Beschluß:",gefaßte Beschluß,,,11584-11666,11355-11371,11244-11372;11272-11372,,
Sorge_1895_VSArbeiterbewegung[3].txt,"daß alle Orgauisationen bis zum
1. März 1886 berichten sollen, ob sie die Achtstundenarbeit fordern wollen, daß
das Legislativkomite alle Organisationen, die die Forderung noch nicht stellen
wollen, zur Unterstützung der in den Kampf Eintretenden auffordere; daß keine
Lohnerhöhung gleichzeitig mit der Reduktion der Arbeitszeit gefordert werde;",Indirect,,wurde beschlossen,"Auf Antrag der
Möbelarbeiter=Union","Auf Antrag der
Möbelarbeiter=Union wurde beschlossen:",12689-13034,12670-12687,,12635-12669,12635-12688
Sorge_1895_VSArbeiterbewegung[3].txt,"die von der Schweiz geplante internationale Konferenz wegen gemein¬
samer Arbeiterschutzgesetze zu beschicken",Indirect,Der Kongreß der Vereinigten Staaten,"wurde
anfgefordert",,"Der Kongreß der Vereinigten Staaten wurde
anfgefordert,",13281-13390,13261-13279,13225-13260,,13225-13280
Sorge_1895_VSArbeiterbewegung[3].txt,Dollars.,Indirect,"Die Einnahmen betrugen 772,07, die
Ausgaben",,,"Die Einnahmen betrugen 772,07, die
Ausgaben",14003-14011,,13952-13995,,13952-13995
Sorge_1895_VSArbeiterbewegung[3].txt,"Untersuchungen über die Lage der Arbeiter &c. anzl¬
stellen",Indirect,,beauftragt war,,"An der Prinzipienerklärung wurden keine,
an den Statuten nur geringfügige Aenderungen vorgenommen, aber viel Zeit und
Aufmerksanikeit dem zu gleicher Zeit in New York tagenden Senatskomite für
Erziehung und Arbeit gewidmet, das vom Senat der Vereinigten Staaten ein¬
gesetzt und beauftragt war,",7679-7738,7663-7677,,,7384-7678
Sorge_1895_VSArbeiterbewegung[3].txt,"die Organisation der Fabrikarbeiter in die Hand zu
nehmen, die Erlangung des Achtstundentages, die Einrichtung von Unterstützungs¬
kassen in allen Gewerkschaften und die Patronisirung der Schutzmarke der Zigarren¬
macher warm empfohlen und das Gesetzgebungskomite auf neun Mitglieder erhöht",Indirect,,erlassen,die Arbeiterinnen,"Einmischungen Unbefugter in Gewerkschaftsangelegenheiten wurdet getadelt,
gegen die Arbeitsritter gerichtet —, den Eisen- und Stahlarbeitern die voll¬
ständige Neutralität in der Zollfrage in Erinnerung gebracht, ein Aufruf zur
Organisation an die Arbeiterinnen erlassen, die Exekutive und alle afftliirten
Gewerkschaften aufgefordert,",8076-8366,8002-8010,,7984-8001,7740-8075
Sorge_1895_VSArbeiterbewegung[3].txt,"sich schriftlich an die im nächsten Jahre
stattfindenden Nationalkonventionen der beiden großen bürgerlichen Parteien (der
republikanischen und der demokratischen) zu wenden und im Namen der organi¬
sirten Arbeiter des Landes bestimmte öffentliche Erklärungen zu verlangen über¬
die Durchführung des Achtstundengesetzes, die gesetzliche Inkorporirung der natio¬
nalen Gewerkschaften und die Errichtung eines nationalen Bureaus für Arbeits¬
statistik.",Indirect,,wurde der Auftrag gegeben,,"Letzterem wurde der Auftrag gegeben,",8405-8855,8378-8403,,,8368-8404
Sorge_1895_VSArbeiterbewegung[3].txt,"zwischen den
Arbeitsrittern und der Föderation nothwendig, erinnert an die zahlreiche Betheili¬
gung der Arbeitsritter bei der Gründung der Föderation 1881 in Pittsburgh,
und hofft, daß sie zurückkehren. Er erwähnt verschiedene Kämpfe des vergangenen
Jahres und empfiehlt Beschickung des von dem Britischen Gewerkschaftskongreß,
einberufenen Internationalen Arbeiterkongresses. — Verschiedene Aenderungen der
Statuten wurden vorgenommen, darunter als wichtigste die Bestimmung, daß kein
Gewerkschaftsrath Delegaten einer Organifation zulassen darf, die den Zielen der
Föderation feindselig gesinnt oder von einer Nationalen oder Internationalen
Körperschaft ausgetreten oder ausgeschlossen ist. Gegen den Auslieferungsvertrag
mit Rußland wurde protestirt, Widerstand gegen die Angriffe der Arbeitsritter,
allgemeine Beobachtung des Arbeiterfeiertags",Indirect,n,242.,,,20577-21426,21492-21496,18039-18040,,
Sorge_1895_VSArbeiterbewegung[3].txt,weil er Arbeitsritter sei und keine echte Gewerkschaft vertrete,Indirect,"Die Föderation berief nun ihre Eittem anwesenden Delegirten der Glasbläser wurde die Zulassung ver¬
weigert,",,,Die Föderation berief nun ihre,16818-16881,,16140-16170;16740-16817,,16140-16170
Sorge_1895_VSArbeiterbewegung[3].txt,"daß es keine Beschwerden gegen die Gewerk¬
schaften habe",Indirect,das der Arbeitsritter,erklärte,,"das
Komite der Arbeitsritter keine Vollmachten besaß und auch keine Forderungen zu
stellen hatte und ausdrücklich erklärte,",17770-17826,17760-17768,17646-17649;17657-17674,,17646-17769
Sorge_1895_VSArbeiterbewegung[3].txt,"„Wir wollen zugeben, daß Ihre Darstellung,
richtig ist (we will grant that vour statement is true), aber wir können und n
keine Vorschriften machen lassen über die Aufnahme von Mitgliedern in unser
Orden“",Direct,"der
Obmann des Arbeitsritterkomites",erklärte,den Beschwerden der Gewerkschaften,"Gegenüber den Beschwerden der Gewerkschaften erklärte der
Obmann des Arbeitsritterkomites:",17919-18123,17873-17881,17882-17917,17838-17872,17828-17918
Sorge_1895_VSArbeiterbewegung[3].txt,"„die beste Lösung (remedy) sei Ver¬
schmelzung mit den Arbeitsrittern“",Direct,ein anderes Mitglied,sagte,,"und ein anderes Mitglied sagte,",18156-18226,18149-18154,18128-18148,,18124-18155
Sorge_1895_VSArbeiterbewegung[3].txt,"„In Erwägung, daß die Arbeitsritter
unaufhörlich die altetablirten Gewerkschaften zu unterminiren und zu zersplitter
versuchen und Leute ermuthigt und aufgenommen haben, die sich verrätherisch
gegen ihre Gewerkschaft, treulos gegen die derselben schuldigen Verpflichtungen,
unehrlich in Geldsachen gezeigt, von vielen Gewerkschaften ausgestoßen und bestrebt,
waren, die Gewerkvereine zu zerstören, deren Aufbau viele Jahre der Arbeit und
große Opfer gekostet hat — darum sei beschlossen, daß wir die obengenannten
Handlungen verdammen und alle Arbeiter auffordern, in ihre Gewerkschaften und
in die Amerikanische Arbeiter=Föderation einzutreten.",Direct,faßte,,,faßte nun folgenden Beschluß:,18313-18958,,18283-18288,,18283-18312
Sorge_1895_VSArbeiterbewegung[3].txt,"es sei kein Zwiespalt zwischen den
Arbeitsrittern und der Föderation nothwendig",Indirect,Er,fagt,,"Er fagt,",20555-20634,20549-20553,20546-20548,,20546-20554
Sorge_1895_VSArbeiterbewegung[3].txt,daß sie zurückkehren,Indirect,,hofft,,", erinnert an die zahlreiche Betheili¬
gung der Arbeitsritter bei der Gründung der Föderation 1881 in Pittsburgh,
und hofft,",20759-20779,20752-20757,,,20634-20758
Sorge_1895_VSArbeiterbewegung[3].txt,"Er erwähnt verschiedene Kämpfe des vergangenen
Jahres und empfiehlt Beschickung des von dem Britischen Gewerkschaftskongreß,
einberufenen Internationalen Arbeiterkongresses.",Reported,Er,,,,20781-20954,,20781-20783,,
Sorge_1895_VSArbeiterbewegung[3].txt,"daß in dieser Zeit allgemeinen Niederganges die
Föderation doch an Zahl gewonnen habe",Indirect,Der Präsident.,hebt hervor,,"Der Präsident.
hebt in seinem Berichte hervor,",22646-22731,22614-22618;22638-22644,22599-22613,,22599-22645
Sorge_1895_VSArbeiterbewegung[3].txt,amerikanischer Zweig der englischen Amalgamated Engineers,Indirect,,Die nächste Konvention,,,24664-24721,24441-24463,,,
Sorge_1895_VSArbeiterbewegung[3].txt,"ist hervorzuheben, daß der Versuch, die Eisen¬
bahnangestellten in eine Föderation zu verschmelzen, an der Selbstsucht der Brüider¬


F. A. Sorge: Die Arbeiterbewegung in den Vereinigten Staaten.",Indirect,dem Bericht des Präsidenten,Aus,,Aus dem Bericht des Präsidenten,25159-25354,25127-25130,25131-25158,,25127-25158
Sorge_1895_VSArbeiterbewegung[3].txt,", auch 1890 die Zensusaufnahme der Arbeitslosen
wieder zu umgehen",Indirect,würden,,,"würden,",25940-26005,,25858-25864,,25858-25865
Sorge_1895_VSArbeiterbewegung[1].txt,die,Indirect,Ordens,verloren,,",",12274-12277,12407-12415,11704-11710,,12272-12273
Sorge_1895_VSArbeiterbewegung[1].txt,äußerst¬,Indirect,äußerst¬,,,,15383-15391,,15383-15391,,
Sorge_1895_VSArbeiterbewegung[1].txt,"benommen hatten. Alle diese Umstände,",Indirect,"benommen hatten. Alle diese Umstände,",benommen,,,15413-15450,15413-15421,15413-15450,,
Sorge_1895_VSArbeiterbewegung[1].txt,"bewirkten starke
Defertionen",Indirect,der oben zitirte Bericht,wovon,,", wovon der oben zitirte Bericht selbst Zeugniß giebt",15610-15638,15640-15645,15646-15670,,15638-15691
Sorge_1895_VSArbeiterbewegung[1].txt,"durch Veruntreuung oder Mißwirthschaft den
Orden um 14 000 Dollars geschädigt zu haben",Indirect,"die neuerdings von den höchsten Beamten des Ordens selbst erhobenen Anklagen,
gegen frühere Beamte, z. B. gegen den früheren, langjährigen Schatzmeister
F. Turner der beschuldigt wird,",,,"Daß auch in
der Kassenverwaltung Unordnung, wenn nicht Schlimmeres, herrschte, beweisen
die neuerdings von den höchsten Beamten des Ordens selbst erhobenen Anklagen,
gegen frühere Beamte, z. B. gegen den früheren, langjährigen Schatzmeister
F. Turner der beschuldigt wird,",15966-16052,,15781-15965,,15693-15965
Sorge_1895_VSArbeiterbewegung[1].txt,"Die Bundesregierung soll niemals zinstragende Schuldscheine, Kredit¬
briefe oder Noten ausgeben, aber im Falle der Noth soll der Bedarf gedeckt werden,
durch die Ausgabe von unverzinslichem Geld als gesetzlichem Zahlungsmittel.",FreeIndirect,15.,,,,22238-22465,,22234-22237,,
Sorge_1895_VSArbeiterbewegung[1].txt,"als acht
Arbeitsstunden zu verkürzen durch eine allgemeine Weigerung, mehr


Die Neue Zeit.
108
Stunden zu arbeiten.“",Indirect,die ursprüngliche Forderung der Reduktion der Arbeitszeit:,"„Um die
lautete die ursprüngliche Forderung der Reduktion der Arbeitszeit: lautete",,,24086-24203,24011-24085;24019-24026,24027-24085,,
Sorge_1895_VSArbeiterbewegung[1].txt,"Man vergleiche damit die oben gegebene ueuere Fassung,
des Punktes 21 (1886 beschlossen).",IndirectFreeIndirect,die ursprüngliche Forderung der Reduktion der Arbeitszeit:,,,,24204-24293,,24027-24085,,
Sorge_1895_VSArbeiterbewegung[1].txt,„preamble“,Direct,,,,,24468-24478,,,,
St.G._1896_StellenvermittlungFürWeiblicheDienstboten.txt,"„solche Ausdrücke und Handlungen, die zwischen anderen
Personen als Zeichen der Geringschätzung anerkannt sind“",Direct,Das Gesetz,,,,14017-14128,,13837-13847,,
Sorge_1895_VSArbeiterbewegung[4].txt,"der¬
selben beizutreten innerhalb drei Monaten bei Strafe des Ausschlusses",Indirect,eine Nationale oder Internationale Union,Ist daran erinnern,,"Ist eine Nationale oder Internationale Union gebildet, so solle
der Präsident alle lokalen Unionen des betreffenden Gewerks daran erinnern,",7272-7346,7132-7135;7256-7270,7136-7176,,7132-7271
Sorge_1895_VSArbeiterbewegung[4].txt,"auch große
Aufgaben zu erfüllen hat",Indirect,Vertreterin,ist,,"Vertreterin der Arbeiterklasse,
des Proletariats dieses Landes,
die als solche zu achten ist,",23671-23706,23661-23664,23572-23583,,23572-23665
Sorge_1895_VSArbeiterbewegung[4].txt,aber,Indirect,,,,,23666-23670,,,,
Sorge_1895_VSArbeiterbewegung[4].txt,"daß die Föderation¬
eine echte und rechte Arbeiterorganisation ist, eine Organisation von Lohnarbeite,
(pure and simple), ohne Klauseln und Hinterthüren in ihren Statuten, durch
die Klein- und Großbürger,
Reformer und Politiker hereinschlüpfen könnten",Indirect,,ist darauf hinzuweisen und zu betonen,"den erwähnten zahlreichen berechtigten und unberechtigten Vor¬
würfen","Gegenüber den erwähnten zahlreichen berechtigten und unberechtigten Vor¬
würfen ist indessen auch darauf hinzuweisen und zu betonen,",23273-23524,23220-23223;23238-23271,,23150-23219,23140-23272
