file,sent_idx,char_idx,sentence,phrases,lem_phrases
1899-00a,618,98500,"Diese rasche Entwicklung.
lockte naturgemäß das Kapital an,
vor Allenn.",Kapital | Das Kapital,kapital | der kapital
1899-00a,619,98572,"das englische: 1895 finden wir bereits in Transvaal 170 Goldminen=Gesell¬
schaften mit einem Kapital von 870 Millionen Mark, 1896 wuchs die Anzahl",Kapital,kapital
1899-00a,620,98721,"Heinrich Cunow: Die Transvaalkrift
29
der Kompagnien auf beinahe 200 mit nahe an 1150 Millionen Mark Kapital.",Kapital,kapital
1899-00a,736,111317,"Alle die¬
maschinellen Hilfsmittel, welche auch in die Buchbinderei im letzten Jahrzehnt ein¬
geführt worden sind, kommen fast ausnahmslos der Großproduktion zu Gute, da der
Kleinbetrieb in Folge seiner meist handwerksmäßigen Produktion einerseits keine
Verwendung für sie hat, andererseits ihm nicht die nöthigen Kapitalien zur Ver¬
fügung stehen, um sich die Maschinen &. anzuschaffen.",Kapital,kapital
1899-00a,766,116857,"namentlich dem Gerede von der unpartei¬
ischen „Staatsgewalt"", die mit der Hand einer überirdischen Gerechtigkeit den
Klassenkampf zwischen Kapital und Arbeit schlichten soll, steht er mit erfrischender
Klarheit gegenüber.",Kapital,kapital
1899-00a,850,130940,"Saint=Simon eine wissenschaftliche Schule und ein großes industrielles Eta¬
blissement als Experimente gründen und sich das dazu nöthige Kapital durch
diese Spekulationen verschaffen wollte.",Kapital,kapital
1899-00a,961,146372,"Herr Grün p. 87: „Die freie Konkurrenz war ein unreiner, ein konfuser
Begriff, ein Begriff, der in sich selbst eine neue Welt von Kampf und Unglück,
enthielt, den Kampf zwischen Kapital und Arbeit und das Unglück des kapital¬
losen Arbeiters.",Kapital,kapital
1899-00a,1178,182361,"Wer sich für die Geschichte der „ursprünglichen
Akkumulation"" für die Blutgeschichte des Kapitals interessirt, wird aus diesen
Kapiteln viel lernen können, denn in der That hat das Wucher- und Handelskapital in
Rußland wahre Orgien gefeiert, während auf der anderen Seite als Resultat dieser
schrankenlosen Ausbeutung eines Bauernvolks der Hunger in Permanenz erscheint.",Kapital | Das Kapital,kapital | der kapital
1899-00a,1693,260406,"Nach einem bibliographischen Ueberblick über die verwickelte Frage des funda¬
mentalen Wider
ruchs, der zwischen dem ersten und dem dritten Bande des¬
„Kapitals“ bestehen soll, kommt der Autor dahin, die Doktrin von dem Werth¬
gleich Arbeit zu verwerfen und so weiter, bis zu der Behauptung, daß Marx nicht.",Kapital | Das Kapital,kapital | der kapital
1899-00a,1705,262336,"Wenn es aber so leicht ist, den historischen Materialismus zu Staub zu
rmalmen, wenn die Auffassung der Klassenkämpfe als eines Prinzips geschicht¬
licher Dynamik nur eine irrige Generalisation falsch verstandener Thatsachen ist,
wenn die Erwartung des Kommunismus durchaus utopistisch, wenn die Lehren
des „Kapitals“ von so offenkundiger Unhaltbarkeit, wenn all die Grundlagen
nunmehr zerstört sind, warum giebt sich dann der Autor die Müihe, noch weitere
zweihundert Seiten über Recht, Ethik, Religion u. s. w. zu schreiben, also über
die Systeme, die er ideologisch nennt?",Kapital | Das Kapital,kapital | der kapital
1899-00a,1736,266468,"Das Kapital ist nur die wirthschaft¬
liche Umschreibung des Faustschen Mephistopheles (sie! S. 516: Wers nicht.
glaubt, sehe dort
selbst nach!).",Kapital | Das Kapital,kapital | der kapital
1899-00a,2359,365630,"zusetzen, eine Theorie, die, beiläufig bemerkt, bedenkliche Aehnlichkeit mit der
Theorie der Aushöhkung des Kapitals hat, die David in Hannover entwickelte.",Kapital | Das Kapital,kapital | der kapital
1899-00a,2365,366613,"Nicht die Ex¬
propriation des großen Kapitals bewirken diese Genossenschaften, sondern die
des kleinen Zwischenhandels.",Kapital,kapital
1899-00a,2379,367961,"Aber zum mindesten dort, wor
Zwischenhandel und industrielles Proletariat einander nicht feindselig gegenüber¬
stehen, sondern Hand in Hand den politischen Kampf gegen das Kapital führen,
hat unsere Partei keine Ursache, sich mit den Konsumvereinen zu identiflziren.",Kapital | Das Kapital,kapital | der kapital
1899-00a,3026,481318,"Von Stein unterscheidet er sich hier, indem
er in den Text setzt, was bei Stein in einer Note steht, indem er den Eingangs¬
passus der Adresse wegläßt, indem er konds de production (produktives Kapital),
mit „Grundvermögen“ und dassement social des individus (gesellschaftliche
Klassificirung der Individuen) mit „gesellschaftliche Ordnung der Einzelnen“ übersetzt.",Kapital,kapital
1899-00a,3080,490603,"Daß die Fouriersche Theilung zwischen
Kapital, Talent und Arbeit einen prächtigen Stoff zu bretter Klugthuerei bietet,
daß man hier über die Unmöglichkeit und Ungerechtigkeit der Theilung, über das
Hereinkommen der Lohnarbeit usw.",Kapital,kapital
1899-00a,3081,490834,"weitläufiges Gerede machen kann, ohne diese
Theilung aus dem wirklichen Verhältniß von Arbeit und Kapital zu kritisiren,
bedarf keiner weiteren Erwähnung.",Kapital,kapital
1899-00a,3385,541515,"Neben
einer gutet spanischen Ausgabe des ersten Bandes von Marx' „Kapital“, über¬
setzt vom argentinischen Genossen B. Justo, besitzen die spanischen Sozialisten eine
Uebersetzung der Devilleschen Bearbeitung des „Kapital“, ferner Uebersetzungen,
von Marx' „Elend der Philosophie“, Engels' „Ursprung der Familie"", Devilles
„Prinzipien des Sozialismus"" Ferris „Sozialismus und pøsitive Wissenschaft“.",Kapital | Das Kapital,kapital | der kapital
1899-00a,4500,719169,"Um dieselbe Zeit fingen auch
die anderen Mächte Europas an, die Gier nach überseeischen Besitzungen zu ent¬
wickeln, nicht um sie dem internationalen Handel und der internationalen kapte
talistischen Ausbeutung zu erschließen, sondern um in ihnen dem eigenen Handel,
dem eigenen Kapital eine bevorzugte Stellung zu schaffen.",Kapital,kapital
1899-00a,4510,720756,"durch stete Erweiterung
dieses Reiches, ständige Eroberung reicher Kolonialgebiete, die dem plünderungs¬
süchtigen Kapital reiche Ernte versprachen, also durch Schaffung eines „größeren¬
Britannien“, eines ungeheuren Weltreichs (Empire; daher das Wort Imperia¬
lismus), das ganz abhängig wäre von der Kapitalistenklasse des kleinen Britannien.",Kapital,kapital
1899-00a,5305,845085,"Daß dieser Zuschlag zu gering ist für eine so hochentwickelte Landwirth¬
schaft wie die badische, wird Jeder zugeben; rechnet man doch sonst auf 100 Mark¬
landwirthschaftliches Grund- und Gebäudekapital 24 bis 40 Mark Betriebs¬
kapital.",Kapital,kapital
1899-00a,5377,850652,"Sie ergab folgende Ziff
100 selbständige oder nahezu selbständige Landwirthe entfallen a) solche ohne
Kapital und ohne Schulden 41,1 Prozent, b) solche nur mit Kapital 21,2 Pro¬
zent, c) solche mit Kapital und Schulden 11,2 Prozent, d) solche nur mit
Schulden 26,5 Prozent.",Kapital,kapital
1899-00a,6097,944632,"Er scheint
wenn
für diesen Fall wenigstens, anzunehmen, denn er sagt niit Bezug auf die
das,
vorgeführten Zahlen ausdrücklich, daß sie „wohl deutlich darauf hinweisen, daß
das „Marxsche Dogma"" für das Grundeigenthum () nicht minder gilt, wie für
Die Annahme, daß die Konzentration des Hypothekenbesitzes
das Kapital""
durch die großen Bodenkreditanstalten gleichbedeutend sei mit einer Konzentration.",Kapital | Das Kapital,kapital | der kapital
1899-00a,6111,946545,"Dem gegenüber ist das eigene Kapital, mit dem sie
arbeiten, verhältnißmäßig gering.",Kapital,kapital
1899-00a,6132,948245,"Das Kapital, das sie auf Hypotheken auslethen, ver¬
schaffen auch diese Anstalten sich durch Ausgabe von Pfandbriefen, die als Jn¬
haberpapiere mit Kouponbogen ausgestattet wie andere öffentliche Werthpapiere,
auf den Markt gebracht werden.",Kapital | Das Kapital,kapital | der kapital
1899-00a,6136,949292,"Noch weiter geht diese Zerstreuung, wenn Sparkassen oder Ver¬
sicherungsanstalten ihre verfügbaren Kapitalien in Hypotheken oder Hypotheken¬
pfandbriefen anlegen.",Kapital,kapital
1899-00a,6223,961695,"In der
raxis läßt sich überhaupt die reine Grundrente nicht von der Betriebsrente,
trennett.
in Fällen, wo das geliehene Kapital dem Boden selbst zu Meliorations¬
zwecken einverleibt wird, hört auch die theoretische Scheidung auf.",Kapital,kapital
1899-00a,6224,961926,"Das ein¬
geschossene Kapital wird untrennbar mit dem Boden vereinigt;",Kapital,kapital
1899-00a,6228,962179,"266
— 11 —
Fallen, wo das geliehene Kapital in Wirthschaftsbauten, Maschinerie, Vieh &.
verwandelt wird, ist die Verflechtung mit der Grundrente untreunbar, und es
Uäuft auf eine theoretische Spielerei hinaus, in solchen Fällen sagen zu wollen,
der Mann muß jetzt einen Theil seiner „Grundrente“ an den Hypothekengläubiger,
abgeben.",Kapital,kapital
1899-00a,6344,979033,"Ferner erhält die Direktion zwei Antheile als Ent¬
schädigung für Abnutzung des Theaterfundus (eigentlich als Ve¬
insung des Kapitals,
das in ihm steckt), sowie zwei Theile als Deckung für die Reisekosten bei Uebersied¬
lungen der Truppe, zusammen sind also vierzehn Theile vorhanden.",Kapital | Das Kapital,kapital | der kapital
1899-00a,6380,983699,"Sehen wir uns nun einmal die Verzinsung des Kapitals an, das der Fundus¬
repräsentirt:
10 verschiedene Dekorationen sammt Koulissen für ein Saaltheater,
(mehr sind es nie) im Werthe von
50 Gulden
Kostüme, sehr primitiv, gewöhnlich alt gekauft, schäbig,
150 —
Noten, Bücher, Rollen höchstens.",Kapital | Das Kapital,kapital | der kapital
1899-00a,6382,984018,"Für diese 500 Gulden Kapital erhält der Unternehmer, immer nach der
Tabelle gerechnet (in 5 Monaten 2 & 47,75 = 95,50 Gulden, in 12 Monaten —)
229,20 Gulden Zinfen oder 45,84 Prozent.",Kapital,kapital
1899-00a,8583,1289797,"Die Kritik, die von den
hervorragenden bürgerlichen Oekonomen (Lexis, Böhm-Bawerk &c.) nach dem Er¬
scheinen des dritten Bandes „Kapital"" an der Marxschen Theorie geübt wurde,
ist in der sozialistischen Literatur fast unbeachtet geblieben.",Kapital,kapital
1899-00a,8585,1290305,"Und doch scheint eine Auseinandersetzung hinsichtlich derjenigen
Punkte, von denen Schmidt anerkennt, daß Böhm=Bawerk wirklich vorhandene
Unklarheiten der Marxschen Werthlehre aufdeckt, selbst dann unerläßlich, wen n
mant Schmidts Auffassung zustimmt, daß die Arbeits-Werththeorie mit den im
dritten Bande „Kapital"" von Marx gegebenen Erweiterungen einen anderen Sinn,
für die Marxsche Analyse der kapitalistischen Wirthschaft erhält, als nach dem,
ersten Bande gefolgert wurde.",Kapital,kapital
1899-00a,8587,1290835,"Ausdrücklich erklärt er zur Vervollständigung der im „Kapital“ niedergelegten,
Theorie eine schärfere Durcharbeitung des Werthgesetzes für geboten, da dasselbe,
nach den Entwicklungen des dritten Bandes über Preis und Profitrate, in seiner,
von Marx im ersten Bande entwickelten Form nur als Hypothese gelten könne.",Kapital | Das Kapital,kapital | der kapital
1899-00a,8605,1293256,"„Die verschiedenen Proportionen“, sagt Marx hierüber, „worin
verschiedene Arbeitsarten auf einfache Arbeit als ihre Maßeinheit reduzirt sind,
werden durch einen gesellschaftlichen Prozeß hinter dem Rücken der Produzenten
festgesetzt und scheinen ihnen daher durch das Herkommen gegeben“ („Kapital“, I.
2. Auflage, S. 19).",Kapital,kapital
1899-00a,8619,1295762,"Der dritte Band des „Kapital“ hat manche,
Sätze bestätigt, die in der im „To-Day“ ausgefochtenen Polemik zwischen Anhängern der
Jevonsschen und solchen der Marxschen Werththeorie von den Ersteren ihren Widersachern,
entgegengehalten wurden.",Kapital | Das Kapital,kapital | der kapital
1899-00a,8690,1307768,"Hinsichtlich dieses Punktes hat dagegen Marx im
„Kapital"", zweite und folgende Auflage, auf Grund der Angaben eines Lancashirer,
Fabrikanten aus dem Jahre 1871 ein Beispiel vorgeführt.",Kapital | Das Kapital,kapital | der kapital
1899-00a,8697,1309089,"Macht einen Preisunterschied von 4½ Pence pro Pfund, was Engels im
dritten Bande des „Kapital"" (S. 50) als ein dem Unternehmer selbst für die
damalige Zeit ausnahmsweise günstiges Verhältniß bezeichnet.",Kapital | Das Kapital,kapital | der kapital
1899-00a,8993,1347893,"Durch diesen wurde eine Aktiengesellschaft für Bau, Ver¬
kauf und Vermiethung von Arbelterwohnungen geschaffen, deren Kapital von
250000 Fraucs auf folgende Weise gezeichnet werden sollte: 200000 Francs.",Kapital | Das Kapital,kapital | der kapital
1899-00a,9091,1361958,"Dagegen wirkt der Kapitalismus hygienisch, da er die kleineren, für die Einführung
hygienischer Maßnahmen zu kapitalsschwachen Betriebe mit Vernichtung bedroht und
Großbetriebe schafft, wo freilich vielfach der gute Wille, aber nicht das Kapital zur¬
Hygiene mangelt.",Kapital | Das Kapital,kapital | der kapital
1899-00a,9325,1386471,"Trotz der größen Anzahl von
Schriften, die er anführt, hat er keine Ahnung von dem, was Marx im ersten
Bande des „Kapitals"" Grundlegendes zu diesen Fragen beigetragen hat.",Kapital | Das Kapital,kapital | der kapital
1899-00a,9684,1444563,"Wir haben als Ausgangspunkt die abstrakt menschliche Arbeit, wie Marp¬
sie im ersten Kapitel des „Kapital"" als Schöpferin des Waarenwerths definirt.",Kapital | Das Kapital,kapital | der kapital
1899-00a,9759,1455354,"Indeß die Proportion von Lohn¬
zu Produkt (bezw. Ertrag) hängt nicht nur von der Lohnhöhe ab, sie wird
in hohem Grade bedingt durch das Verhältniß des Lohnkapitals zu dem, was
Marx das konstante Kapital nennt.",Kapital,kapital
1899-00a,9765,1456425,"Ein anderes Bedenken gegen den zuletzt behandelten Satz ist, daß er eine
Abhängigkeit der Leistungsfähigkeit des Arbeiters von der Lohnrate unterstellt,
Es sei hierbei bemerkt, daß Buch an keiner Stelle zeigt, daß ihm bei Abfaffung
seiner Arbeit der dritte Band „Kapital“ bekannt war.",Kapital,kapital
1899-00a,9803,1462991,"Seit dem Erscheinen
des dritten Bandes „Kapital"" kann über die Nothwendigkeit, in diesem Punkte
Klarheit zu schaffen, kein Zweifel mehr bestehen.",Kapital,kapital
1899-00a,10367,1558636,"Marx sagt in dem dritten Bande seines „Kapital“, es set eines der großen
Resultate der kapitalistischen Produktionsweise, „daß sie das Grundeigenthum
einersetts von Herrschafts- und Knechtschaftsverhältnissen völlig loslöst, anderer¬
seits den Grund und Boden als Arbeitsbedingung gänzlich vom Grundeigenthum¬
und Grundelgenthümer trennt, für den er nichts welter vorstellt, als eine bestimmte
Geldsteuer, die er vermittelst seines Monopols vom industriellen Kapitalisten, dem
Pächter, erhebt; so sehr den Zusammenhang loslöst, daß der Grundeigenthümer
sein ganzes Leben in Konstantinopel zubringen kann, während sein Grundeigen¬
thum in Schottland liegt"" (III 2, S. 156, 157).",Kapital,kapital
1899-00a,10414,1566343,"Ich fürchte
jetzt, doch nicht klar genug geworden zu sein, denn um mich zu widerlegen, weiste
mich David auf die badische Statistik hin, wobei er gerade jene Elemente zusammen¬
wirft, deren Auseinanderhaltung die Vorbedingung für die Untersuchung unserer
These ist, Real- und Personalverschuldung einerseits, Kapital und
Grundbesitz andererseits.",Kapital,kapital
1899-00a,10496,1577524,"er wird betrachtet als ein Kapital, dessen
erzinsung die Rente bildet.",Kapital,kapital
1899-00a,10513,1579757,"Der Preis des Bodens wird nich te,
nach der Menge der Arbeit oder des Kapitals berechnet, die darin stecken, sondern
nach der Höhe der Grundrente, die er abwirft.",Kapital | Das Kapital,kapital | der kapital
1899-00a,10821,1625145,"sie stecken ja schon heute ihren
Ueberschuß an Kapital in Unternehmungen im Ausland, namentlich in Rußland.",Kapital,kapital
1899-00a,11529,1717296,"Die Frage ist also die: Bedeutet eine Konzentration von Kapital oden
Grundeigenthum keine Konzentration, wenn sie mit geliehenem Gelde durch¬
geführt wird?",Kapital,kapital
1899-00a,11532,1717554,"Wenn eine Aktiengesellschaft zehntausende
Prioritätsobligationen ausgiebt, um zehn Unternehmungen zu erwerben, etwa, um
eine Vertrustung des Industriezweigs durchzuführen, so bedeutet das eine Kon¬
zentration von Kapital gegenüber den Arbeitern, wie gegenüber den Kom¬
sumenten, die statt mit zehn Unternehmungen mit einer einzigen zu thun bekommen.",Kapital,kapital
1899-00a,11533,1717904,"Vom Standpunkt des anlagesuchenden Kapitals auf der Börse mag dagegen diese
Operation als Dezentralisation von Kapital erscheinen.",Kapital,kapital
1899-00a,11536,1718356,"Wollte man hier von Dezentralisation sprechen, dann bedentete jede
Vergesellschaftung von Kapital eine Dezentralisation desselben;",Kapital,kapital
1899-00a,11540,1718841,"Wenn wir von der Konzentration des Kapitals oder des Grundeigenthumns
im marxistischen Sinne reden, so neinen wir dies im Sinne eines Prozesses, der
die Zahl der indtviduellen, der privaten Eigenthümer von Produktions¬
mitteln verringert;",Kapital | Das Kapital,kapital | der kapital
1899-00a,11542,1719239,"Das hielt ich für so allgemein bekannt, daß es
mir überflüssig erschienen wäre, den Satz zu kommentiren, worin ich sage: diee¬
Zunahme der in Hypothekenbanken, Sparkassen &c. konzentrirten Hypotheken „weist
wohl deutlich darauf hin, daß das Marrsche Dogma' für das Grundeigenthum
nicht minder gilt, wie für das Kapital"" (S. 89).",Kapital | Das Kapital,kapital | der kapital
1899-00a,11543,1719568,"Wie vom Standpunkt des Arbeilers die Konzentration des Kapitals mit
ihren Folgen für ihn dieselbe bleibt, ob sie die Unternehmer mit eigenem oder
geliehenem Gelde vornehmen, so bleibt es für das soziale Verhältniß des Land¬
wirths zu seinem.",Kapital | Das Kapital,kapital | der kapital
1899-00a,11556,1722163,"Da er aber gleich David in der Konzentration der
Hypotheken durch gesellschaftliche Institute eine Dezentralisirung des Grund¬
eigenthums sieht, weil diese Institute ihre Kapitalien durch Konzentrirung zahl¬",Kapital,kapital
1899-00a,12906,1918540,"Die Ueberlegenheit dieser Rowton-Häuser, die keine Philanthropie, oder
wenigstens keine Geschenke an die Logirgäfte darstellen, sondern das in sie gesteckte Kapital:
zu 4 bis 5 Prozent verzinsen, ist so angenfüllig, daß der Grafschaftsrath selbst jüngste
beschlossen hat, in Süldost-London ein Logirhaus nach dem Rowtonschen System zu erbauen.",Kapital,kapital
1899-00a,13677,2034097,"Dagegen bedarf es
zur Förderung der Industrie und zur stärkeren Heranziehung fremder Kapitalien
nur einer festen, sicheren Währung, des Zollschutzes russischer Fabrikate und recht¬
licher Gleichstellung des fremden Kapitals mit dem einheimischen.",Kapital,kapital
1899-00a,13679,2034666,"Thatsächlich ist denn auch das in Bank-, Handels-, Schiffahrts- und Industrie¬
unternehmungen angelegte Aktienkapital seit April 1898 bis August 1899 um nicht
weniger als über 700 Millionen Mark gewachsen: eine Ziffer, deren Bedeutung man
erst dann völlig versteht, wenn man danebenhält, daß im Jahre 1899, trotzdem dieses
seit 1872 das beste aller Gründerjahre war, in Deutschland nur 364 Aktiengesell¬
schaften mit 544 Millionen Mark Kapital neu gegründet worden sind.",Kapital,kapital
1899-00a,13682,2035394,"Zum
industriellen Gedeihen gehört nicht nur Kapital, sondern auch ein konsumfähiges
Absatzgebiet und eine intelligente, geschulte Fabrikarbeiterschaft.",Kapital,kapital
1899-00a,14600,2146124,"Der Unterschied gegen früher wäre nur der, daß diese
Minen dann mehr der Entwicklung des südafrikanischen Kapitals und weniger
der des englischen dienen würden.",Kapital,kapital
1899-00a,14746,2167198,"Das Kapital, namentlich das Handels- und Finanzkapital einer jeden
naturnothwendig beständiger.",Kapital | Das Kapital,kapital | der kapital
1899-00a,14754,2167829,"aber auch wieder neue Gegensätze zwischen ihnen
Wer auf dem kapitalistischen Standpunkt steht, wer der Ansicht ist, die
Ausdehnung der Macht des Kapitals sei für absehbare Zeit das einzige Mittel,
das Gedeihen der Gesellschaft zu sichern, der wird auch getrieben, sich mit der
kapitalistischen Kolonial-, d. h. Eroberungspolitik zu befreunden.",Kapital | Das Kapital,kapital | der kapital
1899-00a,14767,2169921,"Proletariat einige sozialistische
Dieser „nationale Sozialismus"", der für das
Redensarten (Cant) und für das Kapital und seine Machthaber den Säckel der
Nation bereit hat, ist hier natürlich nicht gemeint, sondern der ihm gerade ent¬
gegengesetzte Sozialismus der Sozialdemokratie.",Kapital | Das Kapital,kapital | der kapital
1899-00a,14771,2170495,"Das Proletariat jeder Nation sucht seine Machtsphäre zu erweitern auf Kosten¬
des internationalen Kapitals;",Kapital,kapital
1899-00a,14778,2171786,"Der Standpunkt des selbständigen proletarischen Klassenkampfes, dessen
Endziel nicht die Harmonie zwischen Kapital und Arbeit, sondern die Ueber¬
dieser
windung der kapitalistischen Ausbeutung durch das Proletariat ist
Standpunkt bildet den einzigen Boden, den Militarismus erfolgreich zu bekämpfen,
dennt nur von diesem Standpunkt aus ist er unnöthig, überflüssig und schädlich.",Kapital,kapital
1899-00a,15951,2354711,"Deshalb brauchten sie nicht den Vorwurf zu verdienen, daß sie sich Illusionen
machten über die Harmonie zwischen Arbeit und Kapital.",Kapital,kapital
1899-00a,16539,2418724,"der verhältnißmäßig sehr starke Hausfleiß in vielen Landes¬
theilen, der in Folge der großen Steuern entstandene hohe Zinsfuß, der die Anlegung,
der Kapitalien in wenig profitablen industriellen Unternehmungen hindert, die politische
Verwirrung, in der sich das Land seit Jahren befindet u. f. w.",Kapital | Das Kapital,kapital | der kapital
1899-00a,16552,2419917,"3550000
Angelegtes Kapital (in Francs).",Kapital,kapital
1899-00a,16559,2420102,"1887
58063.
93421
Angelegtes Kapital (in Francs).",Kapital,kapital
1899-00a,16567,2420947,"10254000
4387000
Angelegtes Kapital (in Francs).",Kapital,kapital
1899-00a,16578,2421322,Angelegtes Kapital (in Francs).,Kapital,kapital
1899-00a,16591,2422280,"Die Zahl aller industriellen Arbeiter wird auf 7000 berechnet, das Kapital¬
das in privaten industriellen Unternehmungen eingelegt ist, auf 30 Millionen Francs,
Z. Balugdgitsch.",Kapital | Das Kapital,kapital | der kapital
1899-00a,17684,2598825,"Vielleicht in keinem anderen Industriezweig erweist sich das Kapital so brutal¬
und rücksichtslos gegen die Arbeiler, wie im Bergbau.",Kapital | Das Kapital,kapital | der kapital
1899-00a,18597,2732420,"Er ist der Vertrauensmante,
des Kapitals, und zwar nicht blos der hohen Finanz, die heute bis weit in
die königliche Familie hinein ihre Vertreter hat, sondern auch der industriellen
Bourgevisie.",Kapital | Das Kapital,kapital | der kapital
1899-00a,18598,2732616,"Nicht blos das Kleinbürgerthum, auch das industrielle Kapital hat in den
letzten dreißig Jahren eite gewaltige Veränderung durchgemacht — aber nicht
im Sinne des soztalen oder natlonalen Friedens.",Kapital,kapital
1899-00a,18600,2733051,Das Kapital erhob sich noch eiumal von der Walstatt zu einer neuen¬,Kapital | Das Kapital,kapital | der kapital
1899-00a,18605,2733492,"Monopolisirung des
inneren Marktes durch Schutzzölle, Monopolisirung jedes Industriezweigs durch¬
den Unternehmerverband, das wurde jetzt die Losung des industriellen Kapitals.",Kapital,kapital
1899-00a,18607,2733853,"Je mehr die Unternehmerverbände sich entwickeln,
besto gewaltthätiger wird das Kapital — gegen seine Arbeiter, gegen die Konsu¬
menten und endlich auch gegen die Konkurrenten, die sich dem Monopol ent¬
gegenstellen.",Kapital | Das Kapital,kapital | der kapital
1899-00a,18613,2735229,"In den kapitalistischen Staaten wird das Gebiet
des oigenen Landes bald zu eng für das Ausdehnungsbedürfniß des aufgehäuften
Kapitals.",Kapital,kapital
1899-00a,18617,2735467,"751.
besten Profite erzielt das Kapital doch unter dem Schutze der eigenen Regierung.",Kapital | Das Kapital,kapital | der kapital
1899-00a,18620,2736348,"England ist in der Entwicklung dieses Geistes nicht vorangegangen, hat
sich thut, wie wir schon bemerkt, viel zögernder und widerstrebender ergeben, als
jede andere Nation, was aber auch wiederum nicht aus dem angeborenen Edel¬
muth und der angeborenen Milde des englischen Volkes zu erklären ist, fonde
aus einer Reihe historischer Momente, dem Fehlen eines großen Landheers mit
allgemeiner Wehrpflicht, der frühzeitigen Entwicklung des industriellen Kapitals,
die das englische Volk tiefer beeinflußte als jedes andere, und der größeren
Stärke seines Proletariats.",Kapital,kapital
1899-00a,20200,2978261,"817.
für die nationale Produktion und das überschüfsige Kapital aufgefunden werden;
denn ohne diese würden die Dividenden und Renten sinken und die Arbeiter un¬
zufrieden werden.",Kapital,kapital
1899-00a,20691,3037534,Darunter Brauereien 32 mit 25987 000 Mark Kapital.,Kapital,kapital
1899-00a,20900,3072076,"Die jungen Apostel des¬
Sozialismus, welche 1873 in das ungeheure Meer der Volksmassen untertauchten,
um zu versuchen, seine mächtigen Wellen gegen „Gott, den Zaren und das
Kapital"" zu entfesseln, haben alle mehr oder weniger unter dem Einfluß der
bald ernsten, bald glühend begeisterten Blätter des Lawroffschen Werkes gestanden.",Kapital | Das Kapital,kapital | der kapital
1899-00a,20923,3076258,"Ungefähr zu jener Zeit studirte der russische Philosoph das berühmte „Kapital"",
welches bekanntlich die offizielle Wissenschaft aller Länder todtzuschweigen suchte.",Kapital,kapital
1899-00a,20927,3077177,"Nach Marx' Tode¬
schenkte Engels Lawroff die russischen Bücher, hauptsächlich offizielle Statistiken,
aus der Bibliothek des Verfassers vom „Kapital“, welche mit bald heiter¬
spöttischen, bald entrüsteten Anmerkungen ihres ersten Besitzers versehen sind.",Kapital | Das Kapital,kapital | der kapital
1899-00a,20963,3082204,"Während des dreijährigen Bestehens der Zeitschrift war
Lawroff der getreue Hüter der sozialistischen Lehren und entwickelte hier wieder¬
und wieder seine Lieblingsidee: die Nothwendigkeit, gleichzeitig die Tyrannet des
Zarismus und die drückende Herrschaft des Kapitals zu bekämpfen.",Kapital | Das Kapital,kapital | der kapital
1897-98aCLEAN,25,3094,"Sie betrieb kreuzfidel die
große Plünderung des Gründungsschwindels, und Herr Miquel, damals weit
entfernt, den Mittelstand erhalten zu wollen, in dem sich Kapital und Arbeit
vereinigen, half vielmehr mit seinen „korrekten“ Gründungen diesem Mittelstand
das Rückgrat brechen.",Kapital,kapital
1897-98aCLEAN,905,136503,"Leser des „Kapital“ werden sich der Bemerkungen von Marx über diesen
Gegenstand erinnern.",Kapital | Das Kapital,kapital | der kapital
1897-98aCLEAN,912,137830,"Aus dem Fabriksystem, wie
man im Detail bei Robert Owen verfolgen kann, entsproß der Keim der Erziehung
der Zukunft, welche für alle Kinder über einem gewissen Alter produktive Arbeit
mit Unterricht und Gymnastik verbinden wird, nicht nur als eine Methode zur
Steigerung der gesellschaftlichen Produktion, sondern als die einzige Methode zur
produktion vollseitig entwickelter Menschen.“ („Kapital“, Band I, 2. Auflage,
S. 508/ Verh.",Kapital,kapital
1897-98aCLEAN,948,144020,"glaubt, man opfere die Jugend dem Moloch Kapital, wenn man ihr nicht die
Thore der Fabrik verschließt.",Kapital,kapital
1897-98aCLEAN,981,149636,"Es würde also gerade von seinem
Gesichtspunkt aus widersinnig sein, die prinzipielle Stellung zur gewerblichen
Arbeit der Jugend von dem zeitweiligen Gegensatz zwischen Arbeit und Kapital
abhängig zu machen, anstatt eben von der Rücksicht auf die körperliche, geistige
und moralische Entwicklung der Jugend selbst.",Kapital,kapital
1897-98aCLEAN,1062,162046,"Die Resolution lautet:
„In Erwägung, daß internationale Mittel und Wege zum Schutze der
Arbeiter zur nothwendigen Voraussetzung Koalitions= (Vereins= und Versamm¬
lungs) freiheit und Preßfreiheit haben, in Erwägung, daß dieser gesetzliche Boden
dank der zarischen Gesetzgebung und Verwaltung den Arbeitern des größten Reiches
Europas völlig entzogen ist, ferner in Erwägung, daß der Kapitalismus in Ruß¬
land reißende Fortschritte macht und zwar nicht zum geringsten Theile dank dem
Zufluß der europäischen Kapitalien und unter Mithilfe des Unternehmungsgeistes
der europäischen Kapitalisten, wodurch mit naturgesetzlicher Nothwendigkeit der
proletarische Klassenkampf erzeugt wird, ein Kampf, der unter dem stets wachsenden
Einfluß der von der westenropäischen Arbeiterschaft getragenen Ideenbewegung
nach den ihm adäquaten Formen ringt — erklärt der internationale Kongreß
für Arbeiterschutz im Interesse des internationalen Arbeiterschutzes und der ge¬",Kapital,kapital
1897-98aCLEAN,1100,171584,"Ihre Kapi¬
talisten bringen ins Zarenreich ihre Kapitalien, ihren Unternehmungsgeist und
noch dazu einen Theil der technisch ausgebildeten Arbeiterschaft des kapitalistischen
Europa.",Kapital,kapital
1897-98aCLEAN,1246,194594,"Demgegenüber verschwinden die Harmonie zwischen Kapital und
Arbeit predigenden „Hirsch=Dunkerschen Gewerkvereine“.",Kapital,kapital
1897-98aCLEAN,1674,252290,"Grundbesitz sei naturnothwendig zum Untergang verurtheilt, daß die sozialistische
Partei ihm gegenüber sich darauf zu beschränken habe, die Ursachen hervorzuheben,
die die Konzentration des Kapitals und die daraus folgende Proletarisirung der
kleinen Grundbesitzer hervorrufen.",Kapital | Das Kapital,kapital | der kapital
1897-98aCLEAN,2056,310688,Ein Beitrag zur Herrschaft des Kapitals.,Kapital | Das Kapital,kapital | der kapital
1897-98aCLEAN,2136,318908,"Die eben erzählte Geschichte ist lehrreich
sie zeigt, wie Unwissenheit
genug
und Mangel an Organisation der Ausgebeuteten die Uebermacht des Kapitals noch
vermehren.",Kapital | Das Kapital,kapital | der kapital
1897-98aCLEAN,2169,323538,"Imeuble
-
1896
Dividende
Kapital
Bezeichnung der Banken
Summa
Rohgewinn
Reingewinn
Mark
Mark
Mark
Mark
11 500 000
115 000 000
16 981 184 14 100 364
Diskontogesellschaft Berlin
Davon:
Norddentsche Bank in Ham¬
40 000 000
3 200 000
4 293 128
5 102 026
burg
100 000
18 456 007 13 303 807
Deutsche Bank
Davon:
20 000 000
1219 508
Deutsche überseeische Bank
2 169 830
85 000 000
6 800 000
8 960 982
12 110 185
Dresdener Bank
7 934 668
80 000
6 525 000
9328 804
Berliner Handelsgesellschaft.",Kapital,kapital
1897-98aCLEAN,2184,325614,"91
Nach den Berechnungen des „Deutschen Oekonomisten“ hat sich das in den
Banken investirte Kapital, das im Jahre 1883 mit Einschluß der Reserven sich auf
circa 800 Millionen Mark belief, 1895 auf circa 1340 Millionen erhöht, während
die Summe des gesammten eigenen und fremden Kapitals, das in der Verwaltung
der Banken war, der hohen Summe von 4 Milliarden sich näherte.",Kapital,kapital
1897-98aCLEAN,3019,445025,"„Der Proletarier, den das
Kapital nicht verwenden kann, gehört ins Zuchthaus.""",Kapital | Das Kapital,kapital | der kapital
1897-98aCLEAN,3800,546232,"Der Staat müßte zu diesen Nationalwerkstätten das erforderliche Kapital
vorstrecken, „der Staat, dessen Pflicht es ist, durch jedes Mittel den Wohlstand
„Unter der Herrschaft des Geldes“, so schrieb Gall in seiner bereits angeführten",Kapital,kapital
1897-98aCLEAN,6628,923312,"Aber Gatsächlich wird über dieses Problem
ein patriotisches Geschrei erhoben, als gelte es, die Welt an allen vier Ecken
anzuziinden, und die Schwärmer für die uferlosen Flottenpläne quälen sich im
Schweiße ihres Angesichts ab, aus dem sehr nebensächlichen Zwischenfall poli¬
tisches Kapital für die nächsten Reichstagswahlen zu schlagen.",Kapital,kapital
1897-98aCLEAN,6720,938416,"Der Hohen¬
zollern=König von Gottes Gnaden mußte vor „Könige Stumm“, dem König voll
Kapitals Gnaden, die Waffen strecken, der Monarchismus kapitulirte zerknirscht",Kapital,kapital
1897-98aCLEAN,7839,1103546,"Das „Kapital“, Band III, 2. Theil, S. 315.",Kapital | Das Kapital,kapital | der kapital
1897-98aCLEAN,7842,1103634,"307
noch ganz genau auf die jüngste Publikation über die Grundrente, auf dre Aus¬
führungen in Brentanos „Agrarpolitik
Worauf die „neue“ Rententheorie Brentanos hinausläuft, davon giebt
Vorgeschmack der Satz: „Boden ist heute Kapital“, welchen er in § 1:
einen
„Der Boden und seine Eigenschaften“, aufstellt, doch schwächt er ihn sofort ab
durch den darauffolgenden Satz: „Allein er unterscheidet sich von anderen Kapi¬
talien allerdings (1), infofern er eine monopolisirte Naturgabe ist, die nur in
beschränkter Menge vorhanden ist“ (S. 13).",Kapital,kapital
1897-98aCLEAN,7843,1104177,"Diese Hervorhebung des Kapital¬
charakters des Bodens ist aber gerade das Gefährliche bei der Behandlung der
Bodenrente, denn „die Schwierigkeit — sagt Marx an derselben Stelle —
be¬
steht darin, nachzuweisen, woher nach Ausgleichung des Mehrwerths unter den
verschiedenen Kapitalien zum Durchschnittsprofit, zu einem ihren verhältnißmäßigen
Größen entsprechenden proportionellen Antheil an dem Gesammtmehrwerth,
den
das gesellschaftliche Kapital in allen Produktionssphären zusammen erzeugt hat,
woher nach dieser Ausgleichung, nach der scheinbar bereits stattgehabten Ver¬
theilung des Mehrwerths, der überhaupt zu vertheilen ist, woher da noch der
überschüssige Theil des Mehrwerths stammt, den das im Boden angelegte Kapital",Kapital,kapital
1897-98aCLEAN,7845,1104970,"Also die
Verwendung des Kapitals im Ackerbau, die speziellen Eigenschaften, welche das¬
selbe annimmt, sobald der Boden es einsaugt, sind zu untersuchen, diese Eigen¬
schaften sind das Charakteristische.",Kapital | Das Kapital,kapital | der kapital
1897-98aCLEAN,7846,1105174,"Sobald aber der Boden selbst schlechthin als
Kapital betrachtet wird, muß sich das ganze Gesichtsfeld verschieben, die Analyse
wird unmöglich.",Kapital,kapital
1897-98aCLEAN,7871,1108720,"Grund: Der Pächter macht die Meloriationen mit eigenem Kapital; wird dann
der Pachtkontrakt erneuert, so eskamotirt einfach der Eigenthümer dieses Kapital.",Kapital,kapital
1897-98aCLEAN,7872,1108876,"Er verkauft oder verpachtet „nicht nur den Boden, sondern den verbesserten Boden
das der Erde einverleibte Kapital, das ihn nichts gekostet hat“ (Marx, „Kapital“ III,
2. Theil, S. 159).",Kapital,kapital
1897-98aCLEAN,7893,1112188,"ist heute Kapital“, denn dadurch sollte darauf hingewiesen werden, daß dem
Boden heute Kapital einverleibt ist, daß Meliorationen gemacht sind und gemacht
werden.",Kapital,kapital
1897-98aCLEAN,7917,1115652,"Das Grundeigenthum befähigt den Eigen¬
thümer, die Differenz zwischen dem individuellen profit und dem Durchschnitts¬
profit abzufangen; der so abgefangene profit, der sich jährlich erneuert, kann
Naturkraft selbst“ („Kapital“ III,
kapitalisirt werden und erscheint dann als Preis de
Theil II, S. 188).",Kapital,kapital
1897-98aCLEAN,7920,1116320,"is wächst, 2. weil der Zins des dem Boden einverleibten Kapitals wächt.",Kapital,kapital
1897-98aCLEAN,7930,1117515,"in Folge der¬
selben ergiebt das im Boden verwendete Kapital dem Grundeigenthümer entweder
ein absolut größeres Erträgniß oder doch ein grönheres Ertragniß als andere
Kapitalanlagen.",Kapital,kapital
1897-98aCLEAN,7941,1119153,"Das ist ja eben der Fluch der Grundrente, sie legt die Produktion brach, aus
welchen Gründen immer sie steigen mag, weil sie den Bodenpreis steige
Schlagend sagt Marx: „Die Ausgabe von Geldkapital für Ankauf des Bodens
ist keine Anlage von agrikolem Kapital.",Kapital,kapital
1897-98aCLEAN,7942,1119412,"Sie ist pro tanto eine Verminderung
des Kapitals, über das die Kleinbauern in ihrer Produktionssphäre selbst ver¬
stigen können.",Kapital | Das Kapital,kapital | der kapital
1897-98aCLEAN,7948,1120113,"— Somit fällt also auch der so
hübsch konstruirte Gegensatz
zwischen „segensreichem"" und „schädlichem“ Steigen
des Bodenpreises, zu Gunsten
dessen jener aller Wissenschaft Hohn sprechende
Satz:
Boden ist Kapital“
aufgestellt wurde, in sein Nichts zusammen.",Kapital,kapital
1897-98aCLEAN,8693,1225458,die Schuld des Kapitals erscheint dadurch geringer.,Kapital | Das Kapital,kapital | der kapital
1897-98aCLEAN,8886,1250918,"Die Viehhöfe von Chicago — Eigenthum der Union Stock Pard and transit Co.,
deren Kapital rund 13¼ Millionen Dollars (=ca.60 Millionen Mark) beträgt — wurden
im Jahre 1864 angelegt.",Kapital | Das Kapital,kapital | der kapital
1897-98aCLEAN,9636,1348356,"Mit der Konzentration des Kapitals
ist auch die Technik, die Strategie der gewerkschaftlichen Kämpfe bedeutend schwieriger
geworden, als dieses in der ersten Jugendzeit des Kapitalismus der Fall war.",Kapital | Das Kapital,kapital | der kapital
1897-98aCLEAN,9637,1348556,"An
die Stelle der kleinen Betriebe sind Riesenunternehmungen mit gewaltigen Kapitalien
getreten, das Verkehrswesen hat sich erheblich gehoben, die lokalen und nationalen
Schranken sind gefallen, die großen Unternehmungen besitzen Filialen in Gegenden
und Ländern, deren Arbeiterbevölkerung rückständig ist, sie haben sich ferner in Or¬
ganisationen zusammen gethan, die ausdrücklich die gewerkschaftlichen Bestrebungen
der Arbeiter bekämpfen sollen, verfolgen genau die gewerkschaftlichen Vorgänge
Kassenbestände, Mitgliederzahl, gerichtliche Urtheile etc. — und besitzen daher den
Arbeitern gegenüber eine viel stärkere position als in früheren Jahren.",Kapital,kapital
1897-98aCLEAN,10041,1393776,"Durch den tapferen und rücksichtslosen Widerstand, den das Zentrum
damals zu leisten wußte, hat es sich ein politisches Kapital erworben, von dessen
Zinsen es lange leben konnte.",Kapital,kapital
1897-98aCLEAN,10042,1393955,"Aber seit manchem Jahre hat es schon das
Kapital angreifen müssen, und mit seinem Umfall in der Flottenfrage setzt es
den letzten Rest dieses Kapitals aufs Spiel.",Kapital | Das Kapital,kapital | der kapital
1897-98aCLEAN,11722,1634195,"Dieser Widerspruch zwischen dem jungen und dem alten Marx konstruirt
er aus dem dritten Theile des „Kapital"", von dem er „vermuthet"", daß die
kontinentalen Marxisten ihn nicht gelesen hätten.",Kapital | Das Kapital,kapital | der kapital
1897-98aCLEAN,11727,1635114,"Und nun gestattet ihnen Marx selbst
— sie müssen offenbar sehr erstaunen, wenn sie die Stelle im „Kapital“ lesen,
und sich im tiefsten Grunde ihres Herzens blamirt fühlen, daß sie bisher viel
marxistischer waren, als Marx selbst, der offenbar auch nach 1848 noch einiges
beobachtete und dachte — von diesem Parteidogma abzuweichen“, und so seiten¬
lang weiter.",Kapital | Das Kapital,kapital | der kapital
1897-98aCLEAN,11734,1636796,"„im tiefsten Grunde ihres Herzens blamirt“ fühlen, wenn der „alte“ Marx im
dritten Bande des „Kapital“ sich in gleichem Sinne ausspricht.",Kapital | Das Kapital,kapital | der kapital
1897-98aCLEAN,11742,1637799,"Man
merkt jetzt, weshalb Herr Platter aus allen möglichen Schriften von Marx, vom
Kommunistischen manifest bis zum dritten Bande des „Kapital“, alle mög¬
lichen Zitate herauschleppt, aber um die Literatur der Internationalen in weitem
Bogen herumgeht.",Kapital | Das Kapital,kapital | der kapital
1897-98aCLEAN,13039,1831814,"Desgleichen führt Poersch an, daß die Arbeiter den Unternehmerverbänden,
der Konzentration des Kapitals rc. rc. zu wenig Aufmerksamkeit schenken; theilweise
gebe ich das zu, aber ich muß doch konstatiren, daß die Arbeiterpresse, die politische
wie die gewerkschaftliche, sich seit Jahren bemüht, das Interesse der Arbeiter darauf
zu lenken.",Kapital | Das Kapital,kapital | der kapital
1897-98aCLEAN,13259,1865204,"Im günstigsten Falle
würde dann das deutsche Proletariat einige augenblickliche und schnell vorüber¬
gehende Vortheile eintauschen gegen eine um so schwerer drückende Wucht des
Kapitals, das auf seinem Nacken lastet.",Kapital | Das Kapital,kapital | der kapital
1897-98aCLEAN,13261,1865666,"Es handelt sich nicht so¬
wohl um ein größeres Deutschland, als um ei großere Kapital, und je mehr
das Kapital sich akkumulirt und konzentrirt, um so tiefer drückt es die Arbeiter¬
klasse nieder.",Kapital | Das Kapital,kapital | der kapital
1897-98aCLEAN,13262,1865862,"Man kann freilich diesen Gedanken noch weiter spinnen und sagen:
je tiefer die Arbeiterklasse durch das Kapital niedergedrückt wird, um so stärker
wird auch ihr Gegendruck, durch den sie schließlich die Macht des Kapitals zer¬
bricht.",Kapital | Das Kapital,kapital | der kapital
1897-98aCLEAN,14281,2008422,"So hat denn auch Friedrich Engels bei der Herausgabe
des dritten Bandes des „Kapital“ keinen Anstand genommen, die früher von
ihm und Marx vertretene Idee eines zehnjährigen Produktionszyklus als veraltet
zu behandeln.",Kapital | Das Kapital,kapital | der kapital
1897-98aCLEAN,14282,2008641,"Als die Faktoren, durch welche „die meisten alten Krisen¬
herde und Gelegenheiten zur Krisenbildung beseitigt oder ab¬
geschwächt"" seien, bezeichnet er „die kolossale Ausdehnung der Verkehrsmittel“
ozeanische Dampfschiffe, Eisenbahnen, elektrische Telegraphen, Suezkanal
und den Umstand, daß „dem überschüssigen europäischen Kapital in allen Welt¬
theilen unendlich größere und mannigfaltigere Gebiete eröffnet sind“ („Kapital“ III,
2. Theil, S. 27, Note.",Kapital,kapital
1897-98aCLEAN,15233,2143615,"Der innerhalb
dieser Produktionsform unlösliche Widerspruch zwischen den Interessen des Kapitals,
seiner Profitsucht, und der in Folge dieser Lebensbedingung des Kapitals mehr
und mehr schwindenden Kaufkraft der Massen, ihrer Pauperisirung;",Kapital | Das Kapital,kapital | der kapital
1897-98aCLEAN,15323,2156823,"Das schließliche Verschwinden der Kapitalisten von der Bühne des
Lebens war eine drastische Illustration zu der Lehre von der absoluten Abhängig¬
keit des Kapitals von der Arbeit, die es verachtet und tyranny hatte....",Kapital | Das Kapital,kapital | der kapital
1897-98aCLEAN,16726,2348487,"Es war kein Angriff des Kapitals
Sieger geblieben, sondern es war ein mißglückter
auf die Arbeit, wo das erst
Versuch der organisirten Arbeit, dem Kapital eine Verkürzung der Arbeitszeit und
der Rechte hinsichtlich der Betriebsleitung abzuringen.",Kapital | Das Kapital,kapital | der kapital
1897-98aCLEAN,17038,2400491,"Eine Erscheinung, die in der That sehr natürlich ist, wenn
man bedenkt, daß Kapital in Händen des polnischen Adels wenig zu finden ist
und daher beim Fortschreiten der Krisis die großen Güter dieses Adels sich als
unrentabel erwiesen, weil eine Aenderung der Bewirthschaftungsweise, welche un¬
bedingt nothwendig wurde, aus Mangel an Kapital nicht stattfinden konnte, so
daß die Güter in die Hand deutscher Kapitalisten übergingen.",Kapital,kapital
1897-98aCLEAN,17159,2419812,"Aber je mehr
sich Kapital ansammelt und Verwendung sucht; um so mehr wird auch der Groß¬
betrieb in die äußersten Grenzgebiete des handwerksmäßigen Betriebs eindringen.",Kapital,kapital
1897-98aCLEAN,17339,2447954,"Aus den beiden ersten Entwicklungen des Geldes hebt sich dann
die dritte ab, die Entwicklung zum Zinsen tragenden Kapital.",Kapital,kapital
1897-98aCLEAN,17465,2466859,"Zwar war das Kapital,
mit welchem diese Genossenschaften operiren konnten, nur gering und haben sie
seit 1893 bis 1897 nur annähernd 12000 Hektar angekauft, aber das Auf¬
tauchen dieses Konkurrenten, wie das einer deutschen Privatbank, welche das
„Güterschlachten“ mit einem Kapital von 10 Millionen Mark betreibt, reichten
hin, um den Preis der Giiter, welche die Kommission erwerben wollte, in die
Höhe zu treiben.",Kapital | Das Kapital,kapital | der kapital
1897-98aCLEAN,17490,2471176,"die genügend Kapital mitbringen, kapitalkräftige Bauern aber entschließen sich nur
schwer, ihr Vermögen aufs Spiel zu setzen, um eine Wirthschaft unter ihnen
gänzlich fremden Verhältnissen zu betreiben, und wie der Erfolg zeigt, haben sie
darin durchaus Recht.",Kapital,kapital
1897-98aCLEAN,17541,2479468,"Delbrück, der ja auch zu den eifrigen Befürwortern der
Germanisation zählt, mit dem Unterschied, daß er dem preußischen Staate räth,
die Polen in einer milden Sauce zu verspeisen, stellt darüber folgende Rechnung
erstatten dem Fiskus 1¾ bis 2½ Prozent des angelegten
auf: Die Ansiedler er
Kapitals, der Staat aber bezahlt seine Anleihen mit über 3 Prozent.",Kapital,kapital
1897-98aCLEAN,18300,2573919,"Die modernen Bankhäuser,
berufen und gewillt, wie sie sind, als Schröpfköpfe des großen Kapitals den
Wohlstand der Massen aufzusaugen, brauchen mancherlei Sorten Kommis:
juristische, publizistische; kaufmännische und auch parlamentarische Kommis.",Kapital,kapital
1897-98aCLEAN,19221,2707241,"Karl Marx ist es, der sie im „Kapital“ begründet
hat, wenn er im Kapitel über die Fabrikgesetzgebung diese „die erste bewußte
und planmäßige Rückwirkung der Gesellschaft auf die naturwüchsige Gestalt ihres
produktionsprozesses“ nennt und am Schlusse des gleichen Kapitels die hohe Be¬
deutung der Fabrikgesetzgebung für den Umwälzungsprozeß der Gesellschaft betont.",Kapital | Das Kapital,kapital | der kapital
1897-98aCLEAN,19374,2730103,"80 000 kapitalistische Betriebe bedeuten für ihn 80 000
Interessenten des Kapitals.",Kapital | Das Kapital,kapital | der kapital
1897-98aCLEAN,19380,2731044,"(In einem Artikel
holt Parvus das Versäumte nach und rechnet eine kapi¬
der nach dem vorstehenden erschien,
1 200 000 Verbündeten aus gegen 15 Millionen Lohn¬
talistische Armee von 616000 mit
arbeiter und mit ihnen solidarischer Handwerker, sowie 4 Millionen vom Kapital „ruinirter
oder ihm unabhängig gegenüberstehender kleiner Leute.",Kapital | Das Kapital,kapital | der kapital
1897-98aCLEAN,19965,2817689,"Nicht der Stärkung der Staatsgewalt, der Kirche und
des Adels dienten da die Kolonien, sondern der Stärkung des Kapitals, der
Bourgeoisie.",Kapital | Das Kapital,kapital | der kapital
1897-98aCLEAN,20098,2835355,"So konnte diese ihre günstigen Wirkungen auf die ökonomische Ent¬
wicklung, auf das Erstarken des Kapitals und der Industrie ebenso kräftig ent¬
falten wie in Holland.",Kapital | Das Kapital,kapital | der kapital
1897-98aCLEAN,20370,2882221,"Nicht auf dem Boden konkurrirender Plutokratie, noch aus dem Boden gesetz¬
licher Verfolgung des Eigeninteresses, noch auf dem gesetzlichen Marktens zwischen
Kapital und Arbeit ist die Lösung zu finden, schließt der Brief.",Kapital,kapital
1897-98aCLEAN,20622,2920252,"Aber noch mehr als durch die Lehren des amerikanischen Unabhängigkeits¬
krieges wurde die Kolonialpolitik Englands, und Europas überhaupt, verändert
durch das Aufkommen des industriellen Kapitals.",Kapital,kapital
1897-98aCLEAN,20623,2920449,"Die beiden großen resolutionären Faktoren unseres Jahrhunderts sind nicht
Kapital und Proletariat schlechtweg, sondern das industrielle Kapital und das
industrielle Proletariat.",Kapital,kapital
1897-98aCLEAN,20630,2921495,"Erst wie das Kapital sich der Industrie bemächtigt,
ersteht aus seinem Wirken eine neue Produktionsweise, die neuer gesellschaftlicher
Formen bedarf, eine Produktionsweise, die nicht nur alle überkommenen techn¬
nischen und gesellschaftlichen Verhältnisse umwälzt, sondern selbst auch in beständiger
1 Das heißt Kolonien, die von europäischen Ansiedlern besetzt werden, die hinkommen,
dort durch ihre Arbeit, namentlich Bearbeitung des Bodens, zu leben, im Gegensatz zu Aus¬
beutungskolonien, in welche die Europäer nicht gehen, um dort eine neue Heimath
auf eigener Arbeit zu begründen, sondern um die eingeborene Bevölkerung auszubeuten und
dann mit der Beute wieder nach Europa zurückzukehren.",Kapital | Das Kapital,kapital | der kapital
1897-98aCLEAN,20634,2922332,"Die Interessen des industriellen Kapitals fallen keineswegs zusammen mit
denen des Handelskapitals und denen der hohen Finanz — dieser Blüthe des
modernen Wucherkapitals;",Kapital,kapital
1897-98aCLEAN,20636,2922623,"Das zeigte
sich wie in der inneren, so auch in der Kolonialpolitik immer mehr in dem Maße,
in dem in der ersten Hälfte unseres Jahrhunderts das industrielle Kapital zur
Macht in Staat und Gesellschaft gelangte.",Kapital,kapital
1897-98aCLEAN,20667,2927890,"Als das industrielle Kapital obenauf kam, trat England an die Spitze der
Nationalen, die Sklavenhandel und Sklaverei bekämpften.",Kapital,kapital
1897-98aCLEAN,20669,2928230,"Marx zieht im „Kapital“ mit schneiden¬
dem Hohne den Vergleich zwischen dem Fabrikgesetz von 1833, das die Arbeit
für Kinder von neun bis dreizehn Jahren von 1833 an auf acht Stunden täglich
beschränkte, bis 1836 aber zwölfstündige Arbeitszeit für sie gestattete, und dem
Emanzipationsakt, der die Sklaverei abschaffte und in der Uebergangszeit den",Kapital | Das Kapital,kapital | der kapital
1897-98aCLEAN,20672,2928874,"Wie in England, so zog auch in den Vereinigten Staaten das industrielle
Kapital gegen die Sklaverei der Südstaaten zu Felde, indessen das Handels¬
kapital auf Seite der Sklavenhalter stand.",Kapital,kapital
1897-98aCLEAN,20685,2930791,"„Das Kapital flieht Tumult und Streit und ist ängstlicher Natur“, sagt
ein von Marx in seinem „Kapital“ zitirter englischer Schriftsteller.",Kapital | Das Kapital,kapital | der kapital
1897-98aCLEAN,20687,2930982,"Das Kapital hat einen Horror vor
Abwesenheit von Profit oder sehr kleinem Profit, wie die Natur vor der Leere.",Kapital | Das Kapital,kapital | der kapital
1897-98aCLEAN,20688,2931093,Mit entsprechendem profit wird Kapital kühn.,Kapital,kapital
1897-98aCLEAN,20708,2933092,"Ist
das industrielle Kapital in den Vordergrund tritt und namentlich die Produktion
für den Report, desto größer wird das Friedensbedürfniß der kapitalistischen
Nationalen.",Kapital,kapital
1897-98aCLEAN,20715,2934529,"Je mehr das Manchesterthum sich in Europa ausbreitete, desto mehr fanden
diese Anschauungen überall Eingang, und so finden wir, daß das Kolonialfieber
völlig aufhört und von den vierziger Jahren bis in die siebziger hinein keine
einzige koloniale Gebietserweiterung von Belang zu verzeichnen ist, wenn wir
absehen von der Ausdehnung des besetzten Gebiets in Australien und Südafrika,
die durch die Vermehrung der ackerbauenden Bevölkerung jener Gegenden und
durch Goldfunde, nicht aber durch die Bedürfnisse des europäischen industriellen
Kapitals hervorgerufen wurde.",Kapital,kapital
1897-98aCLEAN,20781,2943619,"Dazu kommt die Wichtigkeit, die es für die hohe Finanz erhalten hat, für
die Klasse der Geldhändler, jener obersten Herren im Reiche des Kapitals.",Kapital | Das Kapital,kapital | der kapital
1897-98aCLEAN,20784,2943870,englischem Kapital gebaut worden.,Kapital,kapital
1897-98aCLEAN,20834,2951194,"Dort ist die kapitalistische Großindustrie übermächtig, das industrielle Kapital und
das industrielle Proletariat sind die Herren der Situation.",Kapital,kapital
1897-98aCLEAN,20849,2953022,"In England wurden alle modernen
erungenschaften, die des Kapitals wie die des Proletariats, durch den Kampf
der Volksmasse gewonnen.",Kapital | Das Kapital,kapital | der kapital
1897-98aCLEAN,20862,2955079,"Seine ersten Kämpfe hatten naturgemäß dem Manchester¬
thum gegolten und das industrielle Kapital war sein nächster Feind.",Kapital,kapital
1897-98aCLEAN,20864,2955366,"War es nicht am angebrachtesten, vergnügt zuzusehen, wie liberales Manchester¬
thum und Reaktion, das Kapital und die Mächte der Vorzeit, sich gegenseitig
auffraßen?",Kapital | Das Kapital,kapital | der kapital
1897-98aCLEAN,20878,2956833,"Das Kapital
schloß seinen Kompromiß mit der Reaktion und bekämpfte im Bunde mit ihr
das Proletariat.",Kapital | Das Kapital,kapital | der kapital
1897-98aCLEAN,20880,2957072,"Sie hat
gleichzeitig zur Hebung des Proletariats das Kapital zu bekämpfen und zur
Wahrung des ökonomischen Fortschritts die Grundlagen der kapitalistischen Pro¬
duktion gegen den Ansturm der Reaktion zu vertheidigen;",Kapital | Das Kapital,kapital | der kapital
1897-98aCLEAN,20885,2957719,"Daß das industrielle Kapital bei dieser
Politik auch seinen Vortheil haben wollte, ist richtig, aber es bildet nicht die
Triebkraft der kolonialen Bewegung.",Kapital,kapital
1897-98aCLEAN,20889,2958595,"Die Menge des jährlich akkumulirten Mehrwerths ist so gewaltig, daß in
den meisten kapitalistischen Staaten die Bedürfnisse der Industrie, des Handels,
des Staates und der Kommunen trotz ihres steten Wachsthums nicht mehr genügen,
dem wachsenden Kapital gute Anlagemöglichkeit zu geben.",Kapital,kapital
1897-98aCLEAN,21063,2981636,"Professor Dietzel muß die ganze Geschichte der Gewerk¬
vereine, nicht nur der englischen Gewerkverein, fälschen — nein, er muß sie
verschwinden lassen, unter unseren Händen und vor unseren Augen in dem trüben
Dunste der Interessenharmonie zwischen Kapital und Arbeit in Rauch aufgehen
lassen.",Kapital,kapital
1897-98aCLEAN,21064,2981929,"Nur wo das Koalitionswesen noch in den Kinderschuhen steckt, kann man,
so behauptet unser Professor, jeden Strike als eine Schlacht der „Arbeit“ gegen
das „Kapital“ darstellen.",Kapital | Das Kapital,kapital | der kapital
1897-98aCLEAN,21066,2982267,"Die Striks sind keine Schlachten der Arbeit
gegen das Kapital.",Kapital | Das Kapital,kapital | der kapital
1897-98aCLEAN,21069,2982625,Kapital zu führen.,Kapital,kapital
1900-01a,220,35167,"So sind die Agrarier
allenthalben die wüthendsten Gegner des Arbeiterschutzes geworden; sie, unter¬
stützen nicht nur das industrielle Kapital in seiner Abwehr des Arbeiterschutzes,
sondern suchen seine Feindseligkeit dagegen womöglich noch zu verstärken.",Kapital,kapital
1900-01a,229,36982,"Wenn der Arbeiter für den gesetzlichen Arbeiterschutz, vor Allem für den
Normalarbeitstag eintritt, so leitet ihn dabei nicht allein das hygienische Be¬
dürfniß, sondern auch das Kulturbedürfniß und der Gegensatz gegen das Kapital.",Kapital | Das Kapital,kapital | der kapital
1900-01a,232,37479,"Dazu kommt, daß das Kapital die Arbeit jedes Inhalts und jedes Reizes¬
für den Lohnarbeiter beraubt.",Kapital | Das Kapital,kapital | der kapital
1900-01a,1923,289472,"Nun, als Karl Marx sein „Kapital“
schrieb, konnte er mit vollem Rechte annehmen, daß auch in der Landwirthschaft
eine Konzentration der Betriebe stattfinden werde;",Kapital,kapital
1900-01a,1963,296247,"Mit dem einen Pferde, das auch keine zu große Kapitals¬
anlage repräsentiren darf, kann der Acker nur nothdürftig durchgearbeitet werden.",Kapital,kapital
1900-01a,2098,312360,"Im ersten Bande des „Kapital"" macht Marx im Anschluß an Robert Owen¬
gelegentlich die bedeutsame Bemerkung, daß die Erzlehung in der künftigen Gesell¬
schaft für alle Kinder, die ein gewisses Alter überschritten haben, produktive
Arbeit mit Unterricht und Gymnastik verbinden werde, nicht nur als eine
Methode zur Steigerung der gesellschaftlichen Produktion, sondern als die einzige
Methode zur Produktion vollständig entwickelter Menschen.",Kapital | Das Kapital,kapital | der kapital
1900-01a,2953,429981,"Das kaufmännische Kapital verfehlte nicht, die Liquidation der Guts¬
rrschaft und den Niedergang der Bauernwirthschaft in Rußland sich zu Nutze.",Kapital,kapital
1900-01a,3044,440613,"Welche Chancen eröffnet denn der
ruinirte Bauer dem Kapital?",Kapital | Das Kapital,kapital | der kapital
1900-01a,3455,488095,"Oder gart „Die stündlich steigenden Arbeiter¬
löhne, einhergehend mit stetig sinkender Leistung, läßt dem Unternehmungs¬
kapital keine entsprechende Verzinfung zukommen.“",Kapital,kapital
1900-01a,3687,508961,"Zum Beispiel haben die
Salvarywerke in Bernburg, denen auch Kohlengruben eignen, bei einem Aktien¬
kapital von 10 Millionen Mark ihre Reservefonds mit über 23 Millionen Mark¬
dotirt!",Kapital,kapital
1900-01a,4546,623155,"„Die Anlage eines gewissen Kapitals in derartigen Baustellen hat eine gewisse¬
Aehnlichkeit mit Sparkasseneinlagen, wovon man nicht jährlich Zinsen erhebt, sondern,
die Zinsen ruhig dem Kapital zuwachsen laßt und dann nach Jahren durch das An¬
wachsen überrascht worden ist.",Kapital | Das Kapital,kapital | der kapital
1900-01a,4557,625694,"Derjenige, der einen solchen Bau¬
platz besitzt, riskirt jetzt die Zinfen des Kapitals, welches er für den Bauplatz her¬
gegeben hat.",Kapital | Das Kapital,kapital | der kapital
1900-01a,4637,636884,"Die Verstaatlichung der Kohlengruben heißt also nichts Anderes, als
daß der Staat an deren Besitzer ein Kapital zahlt (oder es ihnen schuldig bleibt,
und verzinst), dessen Zinsen gleich sind dem Betrag, den die Kohlenmagnaten durch
ihren Wucher den Arbeitern und den Konsumenten im Jahre erpressen, oder viel¬
mehr erpressen können, denn die mögliche oder wahrscheinliche Steigerung der
Grundrente kommt mit in dem Preise von Grund und Boden oder Bergwerken in
Betracht.",Kapital,kapital
1900-01a,4643,637934,"Aber zu der Forderung einer Konfiskation des Eigenthums am
den Bergwerken kannt er sich doch nicht entschließen, und so macht er den Vermitt¬
lungsvorschlag, die Bergwerke sollten abgelöst werden gegen Rückzahlung der in
ihnen investirten, noch nicht amortisirten Kapitalien, inbegriffen den Ankaufs¬
preis der Bergwerke.",Kapital,kapital
1900-01a,4703,646964,"Sind wir aber einmal so weit, daß wir eine Regierung haben, die gegen das
Kapital solche Mittel anwendet, dann können wir es getrost darauf ankommen lassen, i
daß sie über sich selbst hinaus zur Verstaatlichung treiben, denn dann können wir¬
überzeugt sein, daß diese politisch wie ökonomisch unter Bedingungen vor sich geht,
die dem Proletariat wie der gesammten Gesellschaft zum Vortheil gereichen.",Kapital | Das Kapital,kapital | der kapital
1900-01a,4728,650940,"Man diskutirt mitunter die Frage, ob wir das Kapital konfisziren oder ablösen,
sollen.",Kapital | Das Kapital,kapital | der kapital
1900-01a,6581,906392,"An diesem Zwischenspiel waren nahezu anderthalb Hunderttausend Arbeits¬
männer nebst ihrett erwachsenen und halberwachsenen Angehörigen betheiligt l
aktiv betheiligt, und noch niemals hat ein direkter Kampf zwischen Arbeit und
Kapital, ein Kanipf von solchem Umfang und so tief erregendem, dramatischem
Verlauf in so kurzer Frist vor dem Wahltag stattgefunden.",Kapital,kapital
1900-01a,7101,964337,"Gezwungen durch die Kohlenkalamität wird
sich das englische Kapital zweifel¬
los intensiv an die Ausbeutung der Kohlenadern in den Kolonien machen, den ,
in abfehbarer Zeit kann das Mutterland nicht mehr der Brennstoffe Gebende, sondern
muß der Nehmende sein.",Kapital,kapital
1900-01a,8274,1096191,"Und ich glaube, es wäre auch
schwer, ein anderes vorzubringen, angesichts der Thatsache, daß die Festsetzung der
Preise der Bergwerksprodukte durch die Staatsgewalt nichts Unerhörtes ist, sondernn
seit Jahrhunderten bestand und erst im Laufe des neunzehnten Jahrhunderts unter¬
dem wachsenden Drucke des gegen die staatliche Oberhoheit rebellirenden Kapitals,
beseitigt wurde.",Kapital,kapital
1900-01a,8345,1107255,"Dort finden wir folgende Tabelle:
Dividende bezw. Ausbeute Abschreibungen,
Reservefonds
Proz. des Kapitals.",Kapital | Das Kapital,kapital | der kapital
1900-01a,8346,1107363,"Proz. des Kapitals Proz. des Kapitals
1873.",Kapital | Das Kapital,kapital | der kapital
1900-01a,8359,1107784,"Effertz bemerkt dazu:
„Die bemerkenswerthen Resultate dieser Tabelle sind folgende:
„1. eine durchschnittliche Verzinsung des Kapitals (NB. unter Einbeziehung der
fetten“ Jahre 1873, 1874 und 18901) von 4,55 Prozent;",Kapital | Das Kapital,kapital | der kapital
1900-01a,8360,1108001,"„2. eine durchschnittliche Abschreibung auf das Kapital ausgerechnet (NB. immer¬
einschließlich der fetten Jahre 1873, 1874 und 1890) von 1,6 Prozent;",Kapital | Das Kapital,kapital | der kapital
1900-01a,8361,1108152,"„S. eine durchschnittliche Rücklage zu Reserve- und anderen Fonds auf das
Kapital ausgerechnet von 0,7 Prozent.",Kapital | Das Kapital,kapital | der kapital
1900-01a,8362,1108264,"Ist man geneigt, eine Abschreibung von 3 Prozent vom Kapital für den
Bergbau im Durchschnitt nicht zu hoch zu finden, so würde sich die Verzinsung des
Kapitals auf 3,15 Prozent reduziren, und ist man ferner geneigt, zuzugestehen, daß ien
die Rücklagen mit 1 Prozent nicht zu hoch gegriffen sein würden, so würde sich
das jämmerliche Resultat von 2,85 Prozent ergeben.",Kapital | Das Kapital,kapital | der kapital
1900-01a,8445,1118903,"noch ist er reich genug,
aber bald wird das künstlerische Kapital aufgezehrt sein.",Kapital,kapital
1900-01a,9027,1188164,"Das Kapital wird nicht wie in Europa sich unheimlich fühlen, es wird sich frei¬
entfalten können.",Kapital | Das Kapital,kapital | der kapital
1900-01a,10225,1352812,"Es ist fast gar nichts Bedeutendes, kein Kapital,
von Karl Marx, kein Buckle oder etwas Aehnliches, kein Byron oder Mickiewicz,
in den Jargon übersetzt, die Jargonliteratur hat auch wenig Tiefes an originalen
Arbeiten hervorgebracht.",Kapital,kapital
1900-01a,10376,1376237,"Und nach einer längeren Besprechung des kläglichen Zustandes, in dem sich die
Landwirthschaft in Italien befindet — theils durch die Nachläfsigkeit der Regierung,
theils dadurch, daß die Kapitalisten die industrielle Verwendung ihres Kapitals vor
der landwirthschaftlichen bevorzugen, wodurch sie allerdings ihr privates Interesse,
in Gegensatz zu dem der Allgemeinheit bringen, welche die höchste Produktivität des
Bodens verlangen müßte —, erörtert der Autor die Frage nach dem Einfluß des
neuen technischen produktiven Apparats auf die verschiedenen Formen des Grund¬
besitzes.",Kapital,kapital
1900-01a,10378,1377085,"Der landwirthschaftliche Großbetrieb kann, da er über große Kapitalien verfügt,
die vom Grundbesitzer, vom Pächter oder von den Aktionären stammen, sich in
großem Stile der technischen Hilfsmittel bedienen und die Produktion vermehren.",Kapital,kapital
1900-01a,10379,1377321,"Aber wird denn nun der mittlere und Kleinbetrieb, der nur über sehr geringes,
manchmal über gar kein Kapital verfügt, dazu bestimmt sein, im Wettbewerb mit
dem Großgrundbesitz, mit dem Großbetrieb, zu unterliegen?",Kapital,kapital
1900-01a,10922,1467090,"Die Besitzer sind dann Großkaufleute, höhere Beamte &c.,
die ihr „erspartes“ Kapital in Grundbesitz anlegen, theils auch Adelige, die aus dem,
einen oder anderen Grunde ihre Güter verpachten.",Kapital,kapital
1900-01a,10923,1467282,"Daß dieses System der Konzen¬
tration des Kapitals auch auf dem Gebiet der Landwirthschaft bedeutenden Vorschub¬
leistet, liegt auf der Hand.",Kapital | Das Kapital,kapital | der kapital
1900-01a,11065,1480853,"Das industrielle und kommerzielle Kapital könnte die Bedingungen,
zur Entfaltung der Großindustrie in Frankreich nur schaffen durch die politische
Stärkung des Proletariats.",Kapital,kapital
1900-01a,11079,1482330,"Die Ursache dieser Erscheinung ist darin zu suchen, daß rascher als der Welt¬
markt die Zahl der Konkurrenten auf dem Weltmarkt wächst, da jedes der Länder,
die ihm eröffnet werden, sich bestreben muß, eine kapitalistische Industrie zu ent¬
wickeln — wobei die Kapitalisten der alten Industrieländer nach Kräften nachhelfen,
indem sie ihre neuakkumulirten Kapitalien in jungen Ländern anlegen.",Kapital,kapital
1900-01a,12071,1619668,"Die Grundzinsensteuer soll den
ganzen Bodenertrag, welcher lediglich dem reinen Wirken der Vegetationskräfte und
nicht dem Kapital oder der Arbeit zu verdanken ist, zu Gunsten der Gemeinschaft,
fortnehmen.",Kapital | Das Kapital,kapital | der kapital
1900-01a,12653,1687510,"Wie ist es da möglich, daß die Gewerkschaften und Hilfskassen, welche so¬
harte Kämpfe führen müssen, noch Kapitalien ansammeln, um große Verkaufsläden
zu errichten, weitläufige Verfammlungs- und Festsäle, kurz um das Werk der wirth¬
schaftlichen Organisation und fozialistischen Erziehung der Arbeiterklasse zu fördern.",Kapital,kapital
1900-01a,12662,1688567,"ihren Frauen Vortheile zu, das heißt der anderen Hälfte der Arbeiterklasse, und
zwar der rückständigsten Hälfte derselben, dem Theile des Proletariats, der noch and
meisten der Macht des Priesters und des Kapitals unterworfen ist.",Kapital | Das Kapital,kapital | der kapital
1900-01a,13045,1731592,"Sich der Ausbeutung und Unterdrückung durch das Kapital zu wider¬
setzen, auf die Vernichtung des Kapitalverhältnisses hinzuarbeiten, wird nicht nuri
durch das Sonderinteresse des Proletariats, sondern durch das Gesammtinteresse der
Gesellschaft geboten.",Kapital | Das Kapital,kapital | der kapital
1900-01a,13102,1739031,"so hat der Unter¬
nehmer die Pflicht, Unternehmungen zu leiten, der Bodenbesitzer die, den Boden
bebauen zu lassen, der Kapitalist.
jene, ohne Wucher sein Kapital in Funktion zu
setzen, der Arbeiter endlich aber hat die hohe sittliche Pflicht — zu arbeiten.",Kapital,kapital
1900-01a,13348,1776990,"483
Ein nationalsozialer Weiser deutet an, die Sozialdemokratie führe den Kampf¬
gegen den Brotwucher so lässig, weil sie aus der Auspowerung der Volksmassen¬
parteitaktisches Kapital zu schlagen beabsichtige.",Kapital,kapital
1900-01a,13701,1821989,"Das Kapital hat in der Kunst wie in der Produktion zerstört, aufgelöst,
und die Quadersteine des künftigen Baues in unordentlichen Haufen zusammen¬
gebracht — der architektonische Aufbau bleibt dem Soztalismus vorbehalten.",Kapital | Das Kapital,kapital | der kapital
1900-01a,15585,2100618,"Hier be¬
deutet das Eindringen der Elektrotechnik in die Landwirthschaft einen erheblichen
Schritt weiter in ihrer Unterwerfung unter das Kapital.",Kapital | Das Kapital,kapital | der kapital
1900-01a,15592,2101729,"Unter günstigen Verhältnissen können vielleicht Großgrund¬
besitzer oder Großbauern die nöthigen Kapitalien auftreiben, um ein Elektrizitätswerken
genossenschaftlich zu errichten und zu betreiben.",Kapital,kapital
1900-01a,15624,2107179,"Wenn in dieser Zeit, wie in den Nächten, ein
so theures Kapital fast unverzinst bleiben sollte, würde die abgebbare Kraft zu theuer
und das Unternehmen unrentabel werden;",Kapital,kapital
1900-01a,15641,2110533,"Aber wir haben schon bemerkt, daß sie den Landwirth mit vermehrter Abhängig¬
keit vom Kapital und steigender Ueberflüssigkeit in seinem Produktionsprozeß bedroht.",Kapital | Das Kapital,kapital | der kapital
1900-01a,15859,2145822,"Die klassische, also englische politische Oekonomie war die Wortführerin.
des Kapitals, das seine nationalen Schranken sprengte und einen Weltmarkt,
schuf.",Kapital | Das Kapital,kapital | der kapital
1900-01a,15890,2151356,"Wo die Anderen nur einen Geist und eine Seele sahen, den Geist und die Seele¬
des profitbildenden Kapitals, deckte er einen durch Kreuz und Quer gehenden
Widerstreit der Interessen des Industriellen, des Grundbesitzers, des Pächters,
des kleinstädtischen Handwerkers, des Landarbeiters, des Fabrikarbeiters alf.",Kapital,kapital
1900-01a,15920,2156647,"Engels zitirt Marx' „Kapital"" (ich
vervollständige das Zitat): „Das Protektionsfystem war ein Kunstmittel, Fabri¬
kanten zu fabriztren, unabhängige Arbeiter zu expropriiren, die nationalen Pro¬
duktions- und Lebensmittel zu kapitalisiren, den Uebergang aus der alterthüm¬
lichen in die moderne Produktionsweise gewaltsam abzukürzen.",Kapital,kapital
1900-01a,15925,2157452,"dem
ursprüngliche Kapital der Industriellen fließt hier zum Theil direkt aus¬
Staatsschatz.",Kapital,kapital
1900-01a,15929,2157908,"Das Industrie¬
kapital Englands hat sich
den Freihandel erkämpft, um durch Verbilligung der
Rohstoffe und Arbeitslöhne seine Herrschaft auf dem Weltmarkt fester begründen
zu können.",Kapital,kapital
1900-01a,15939,2159289,"Sein berühmt gewordenes Eisenbahnbeispiel !
vortheilhafter sei, mit dem theureren Schnellzug, statt mit dem billigeren Bummel¬
zug zu fahren, so auch, theurere Waarenpreise zu bezahlen, um eine raschere
Entwicklung der Industrie zu erzielen — ist die Gegenüberstellung der „Produktiv¬
kräfte"" den „Tauschwerthen“ Auchgist er sich, abgesehen schon von dem kapita¬
listischen Charakter der Schutzzölle, vor Allem ihres relativen Werthes für
das Kapital selbst bewußt.",Kapital | Das Kapital,kapital | der kapital
1900-01a,15981,2165584,"Zu einer eingehenden Untersuchung der kapita¬
listischen Handelspolitik fehlte auch noch jener wissenschaftliche Bau, den Mary¬
später in seinem „Kapital"" errichtete.",Kapital,kapital
1900-01a,15983,2165962,"Engels konnte sich 1888 schon auf die zwei ersten
Bände des „Kapital"" und noch vieles Andere stützen, doch fehlie der dritte,
Band mit seinen wichtigen Untersuchungen über die Profitbildung, die Grund¬
rente und den Preis, die für die Lehre von der Konkurrenz und damit auch für
die Beurtheilung der Handelspolitik unentbehrlich sind.",Kapital | Das Kapital | Erste Band das Kapital,kapital | der kapital | erst band der kapital
1900-01a,16011,2170513,"588.
Welt vom Akkumulationsprozeß des Kapitals abhängig macht, zugleich
diesem unterwirft.",Kapital | Das Kapital,kapital | der kapital
1900-01a,16028,2172492,"Daß diese nicht immer zusammenfallen, daß das Interesse des Kapitals der
Produktionsentwicklung hinderlich sein kann, sieht er nicht mehr.",Kapital | Das Kapital,kapital | der kapital
1900-01a,16049,2175358,"Setne Kritik trifft den revolutionären Sozia¬
lismus nicht, der die Welteroberungspläne des Kapitals längst erkannt und
durch noch kühnere der Umgestaltung der kapitalistischen Welt übertrumpft
weshalb er denn dem Philister als unmögliche Utopie vorkommt.",Kapital | Das Kapital,kapital | der kapital
1900-01a,16300,2215343,"Die Arbeit ist der Mitarbeiter des Kapitals, aber ein Mit¬
arbeiter, der ohne Ungerechtigkeit und ohne Unklugheit nicht als unmündig behandelt.
werden darf.",Kapital | Das Kapital,kapital | der kapital
1900-01a,16601,2268807,"Ihr Zweck
ist nicht, die aufkeimende Entwicklung eines tiationalen Kapitals zu schützen, viel¬
mehr sind sie der unfehlbare Anzeiger, daß ein Land kapitalistisch weiter fort¬
geschritten ist, als seine Umgebung, aber auch, daß eine Hypertrophie, ein Ueber¬
maß der nationalen Entwicklung stattgefunden hat.",Kapital,kapital
1900-01a,16663,2278966,"Der Verlust an Leben und Lebenskraft, den das für die deutsche Arbeiterklasse,
bedeutet, wird freilich auf dem Geschäftskonto des vaterländischen Kapitals nicht
gebucht.",Kapital,kapital
1900-01a,16697,2284578,"Gewiß
sind die Industriezölle nicht blos als Vergeltungsmaßregeln aufzufassen — in¬
wiefern sie der Entwicklung des nationalen Kapitals entspringen, soll an anderer
Stelle erörtert werdett
aber durch die geschilderten Wirkungen der Agrarzölle,
wird diese handelspolitische Entwicklung beschleunigt und verschärft, und schließlich
spitzt sich thatsächlich das Verhältniß auf den offenen Kampf „Industriezölle gegen¬
Agrarzölle"" zu und die Handelspolitik wird aus einem Mittel zur Förderung der
Produktionsentwicklung auf beiden Seiten zu einem Mittel ihrer Hemmung.",Kapital,kapital
1900-01a,16866,2315189,"Und war jene ein Messer, miit dem man dem,
Arbeiter an die Gurgel wollte, so ist diese eine Waffe, mit der der wirthschaft¬
lichen Allmacht des Kapitals der Garaus gemacht wird.",Kapital | Das Kapital,kapital | der kapital
1900-01a,16871,2315762,"Die tödtliche Waffe gegen das Kapital wird also dem
Kapitalisten in den Schrank gelegt.",Kapital | Das Kapital,kapital | der kapital
1900-01a,16924,2325597,"Das Amnestiegesetz war die
juristische Entladung des Konfliktes zwischen der Zivilgesellschaft und der stehenden
Armee, das Assoziationsgesetz ist ein Versuch, den Widerstreit zwischen der Republik,
und der Kirche zu vertuschen, die Sozialreformen sind die juristische Aufhebung¬
des Kampfes zwischen Kapital und Arbeit.",Kapital,kapital
1900-01a,16933,2328115,"629
Ausdruck in der gleichzeitigen Ausarbeitung papierener Beglückungsmaßregeln für
Arbeiter und der Beschirmung des Kapitals mit der eisernen Realität des Bajonetts.",Kapital | Das Kapital,kapital | der kapital
1900-01a,16946,2330309,"Denn auch ein sozialistischer Minister ist,
solange er im bürgerlichen Ministerium figurirt, das heißt solange nicht Interessen
der Arbeiterklasse, sondern die des Kapitals im Staate herrschen, an die Zustim¬
mung der bürgerlichen Majorität der Regierung und der Volksvertretung gebunden.",Kapital | Das Kapital,kapital | der kapital
1900-01a,17400,2403527,Massenhaft häuft sich verwerthungsbegieriges Kapital.,Kapital,kapital
1900-01a,17408,2404884,"Aber
dort besteht ein Mangel an mobilem Kapital?",Kapital,kapital
1900-01a,17410,2404994,"Durch Untergrabung des lokalen Absatzmarktes
„arbeitslos"" geworden, wandern große Mengen Kapital aus den nördlichen nach.
den füdlichen Staaten aus.",Kapital,kapital
1900-01a,17503,2422485,"Endlich hat unsere Industrie¬
mit ihren kolossal entwickelten Prodnktivkräften jenen Punkt erreicht, wo der
Antheil, den Amerika vom Markte der zivilisirten Länder erlangen kann, bei
Weitem nicht mehr hinreicht, um für die angelegten Kapitalien die übliche Zins¬
rate abzuwerfen.",Kapital,kapital
1900-01a,18004,2500155,"Diese genaue Wiedergabe dessen, was Genosse Dreesbach wirklich gesagt hat,
verdirbt den bürgerlichen Blättern, die in ihrem Sinne politisches Kapital aus
seinen Ausführungen zu schlagen versuchen, einigermaßen den Spaß;",Kapital,kapital
1900-01a,18053,2509329,"Heute freilich¬
haben die Ultramontanen dies Präsidium in der Hand, um einfach nach der
Pfeife der Regierung zu tanzen und politisch nur noch von dem Kapital zu
zehren, das sie sich als parlamentarische Partapartei erworben haben.",Kapital | Das Kapital,kapital | der kapital
1900-01a,18833,2633117,"Die wichtigsten Bedingungen der industriellen Entwicklung eines Landes sind:
Eisenbahnen, Städte, Telegraphen und Posten, Organisation des Handels, An¬
häufung von Kapital, Entwicklung eines Geldmarktes, leistungsfähige und geschulte
Fabrikarbeiter, Volksschulen, technische Schulen, parlamentarische Verfassung.",Kapital,kapital
1900-01a,18855,2636408,"Es ist von Marx im dritten Bande
seines „Kapital"" gezeigt worden, wie mit der Kapitalakkumulation die Profit¬
rate sinken muß, weil das konstante Kapital immer größer wird im Vergleich¬
zu dem variablen, Mehrwerth bildenden Theile des Kapitals.",Kapital | Das Kapital,kapital | der kapital
1900-01a,18866,2637704,"Kapital aber ist in Europa,
ihnen folgenden Handelsverkehr diese Rentabilität erst
in Massen aufgehäuft, die Industrie sucht mit Gewalt nach einem Absatz, und die Eisen¬
europäische Eisenbahnnetz nicht mehr:
industrie gerade deshalb, weil das bereits ausgebaute
in dem gleichen Tempo sich weiter entwickeln kannt.",Kapital,kapital
1900-01a,18890,2641478,"daß das englische Kapital seitdem den ganzen Erdball¬
zum Schauplatz seiner Ausbeutung gemacht hat, daß es ebenso an der Zersetzung des „gol¬
denen Bodens“ im deutschen Handwerk wie an der Untergrabung des „Mir“ der russischen
Gemeinde mitgewirkt, daß es ganze Völkerschaften ausgerottet und Volksmassen über den
Ozean geworfen hat, das sehen sie in dem Maulwurfsloch ihrer Profesforenklause nicht;",Kapital,kapital
1900-01a,18891,2641877,"sie
sehen nicht einmal die Massengräber, welche dieses englische Kapital vor ihren Augen in
Ostindien aufrichtet.",Kapital,kapital
1900-01a,18892,2641991,"In den kapitalistischen Ansiadlungsgebieten, in denen die vom Kapital aus
Europa ausgestoßenen Arbeitermassen erst eine Produktion und eine Wirthschaftsordnung
schaffen, sind die Löhne höher als in Eurøpa;",Kapital | Das Kapital,kapital | der kapital
1900-01a,18893,2642197,"da aber die Mehrwerthsrate dort nicht
niedriger sein kann, sondern ebenfalls höher sein muß, um enropäisches Kapital heranzu¬
locken, so dient das zunächst als Hinderniß der Entwicklung der Industrie.",Kapital,kapital
1900-01a,18915,2645913,"Da
er wenig Kredit hat, kann er wenig Kredit gebent er muß peinlich dafür forgen,
Einkauf, Produktion, Verkauf und
daß der Umschlagszyklus seines Kapitals
er muß einen Geldvorrath haben,
Rückfluß des Geldes — nicht verzögert werde.",Kapital,kapital
1900-01a,18922,2647062,"des Kapitals beginnt, eine andere quantitative Zusammenfetzung hat, als WI,
oder
im Falle einer Ueberproduktion — quantitativ geringer ist als W1,
kann der Kredit, der nur an Stelle des harten Metalls dessen Buchwerth setzt,
nichts helfen;",Kapital | Das Kapital,kapital | der kapital
1900-01a,18923,2647302,"aber der Kredit durchbricht die Schranken des Privateigen¬
thums für die Einzelunternehmung, er vereinigt das Privateigenthum Einzelner,
zum gesellschaftlichen Privateigenthum einer Klasse, er schafft erst das natio¬
nale Kapital.",Kapital,kapital
1900-01a,18924,2647533,"Ein wichtiges Moment der Konkurrenzfähigkeit des Kapitals ist nach eigenem
Zugeständniß der Fabrikanten die Letstungsfähigkeit der Arbeiter.",Kapital | Das Kapital,kapital | der kapital
1900-01a,18931,2648561,"Denken wir uns eine Fabrik I, deren Kapital so zusammengesetzt ist:
350000 Mark.",Kapital | Das Kapital,kapital | der kapital
1900-01a,18944,2649309,An Kapital mag auch gespart werden.,Kapital,kapital
1900-01a,18947,2649613,"zu gleicher Zeit bedingt er eine Scheidung in der sozialen
Stellung der Besitzer der Produktionsmittel: als Unternehmer werden sie zu Funktio¬
nären, zu Geschäftsagenten des unpersönlichen Kapitals, als Kapitalisten werden sie pure¬
Rentenbezieher.",Kapital,kapital
1900-01a,18950,2650127,"Das gesammte investirte Kapital wird also hier 1 350000 Mark¬
betragen.",Kapital,kapital
1900-01a,19661,2760340,"Wie schon gesagt, gehört es zum Wesen der echten
Trustorganisation, daß in ihr die verbundenen Aktienkorporationen nicht etwar
ihre Selbständigkeit aufgeben, nicht ihre Kapitalien zu einem einzigen, soliden
Ganzen vereinigen oder verschmelzen, sondern daß sie nur nach Außen hin und
auch das nur für einen bestimmten Termin eine Einheit bilden, die in der
That nur eine Betriebseinheit ist.",Kapital,kapital
1900-01a,19673,2762715,"sie mußten die Zentrifugal- und sonstigen Arbeits¬
und auch die Motormaschinen der in Stillstand versetzten Fabriken einfach rasten
und rosten lassen, und für alle brachgelegten mußten sie ebenso wie für die
arbeitenden und Mehrwerth heckenden Kapitalkomplere Zinsen auf Obligationen
und Dividenden, wenigstens für die bevorzugten Aktien, beschaffen; für alle diese
Kapitalien, die überdies durch Ausgabe von Obligationen und Aktien für nur
fiktive Einzahlungen, durch die Methode der „Kapitalverwässerung“, wie man
es hier nennt, um etwa 30 Prozent inflatirt worden waren.",Kapital,kapital
1900-01a,19688,2766070,"Mit einem Worte: das Eisen- und
Stahlmonopol setzt das Eisenerzmonopol voraus, denn sonst gehört das Produkte
der Hochöfen und Schmelzwerke zu den beliebig vermehrbaren und ist die Mög¬
lichkeit der Monopolisirung ausgeschlossen, zumal in einem Lande, wie diesem,
wo so ungeheure Massen von müßigem Kapital auf lohnende Verwerthung lauern.",Kapital,kapital
1900-01a,19693,2767461,"746.
worden seien, und dann: in dem Maße, wie der Profit in der Stahlindustrie sich
über die durchschnittliche Rate erhebt, wird dies auf das unterdurchschnittlich
rentirende Kapltal als ein Antrieb wirken, die Auffindung neuer Erzlager und die
Wiederaufnahme des Betriebs von älteren Minen zu forciren, die vor Jahrzehnten,
aufgegeben wurden, weil die Ausbeute bei unzulänglichem Kapital und rückstän¬
digen Methoden, wie damals angewandt, sich nicht lohnte;",Kapital,kapital
1900-01a,19709,2770937,"Ja, die einfache,
große Aktiengesellschaft, meiner Ansicht nach: in Wahrheit die höchste und letzte
Entwicklungsform des Kapitals, sie wird dann nur um so reinlicher, glatter und
rascher arbeiten am Werke der Betriebs- und Besitzkonzentration, und arbeiten",Kapital | Das Kapital,kapital | der kapital
1900-01a,19757,2779343,"Strikes sind nicht absolut,
verwerflich, es darf nicht der Verdacht aufkommen, als schwimme man in
Schlepptau des Kapitals.",Kapital | Das Kapital,kapital | der kapital
1900-01a,19768,2781365,"Verminderung der indirekten
Steuern und der Militärlast, Beschränkung der Herrschaft des Kapitals
(Wucher und Börsenspiel).",Kapital | Das Kapital,kapital | der kapital
1900-01a,19869,2800210,"Dann wußte man die Geldgeber seiner Baugenossenschaft zur Kündigung ihrer
Kapitalien zu bewegen, Cronenberg wußte die ausfallenden Hypotheken anderweit
zu decken.",Kapital,kapital
1900-01a,19932,2812567,"Das ist also der Segen der
Kuhhaltung, eine meistens ungenießbare Butter, eine Milchnutzung, welche den
Familienansprüchen nur für die Hälfte des Jahres genügt, Ausnützung der Kinder¬
arbeit und der sogenannten freien Arbeitszeit des Mannes und der Ehefratt, und
schließlich die ewige Besorgniß, daß das einzige Kapital, welches der arme Manhn ,
in der Kuh angelegt hat und das er so sorgsam hütet, ihm durch unvermeidlicher
Unglücksfälle verloren gehen kann.",Kapital,kapital
1900-01a,20389,2872269,"Weit davon entfernt, alles um
sich niederzudrücken und eine Monopolherrschaft des Zuerstgekommenen zu etabliren,
wirkt das Kapital vielmehr frevolutionär und kosmopolitisch, indem es überall¬
die Produktivkräfte anspornt.",Kapital | Das Kapital,kapital | der kapital
1900-01a,20390,2872491,"Das Kapital des industriell fortgeschrittensten
Landes ist dasjenige, welches sich selbst die meiste Konkurrenz in den fremden
Ländern erzeugt.",Kapital | Das Kapital,kapital | der kapital
1900-01a,20421,2876488,"Er vermittelt den Reproduktions¬
prozeß des Kapitals.",Kapital | Das Kapital,kapital | der kapital
1900-01a,20422,2876542,"Aber in der Formel G—W.. .. Pr. ... W.—G.
gehört jedes Glied zugleich einer zweiten Zirkulationskette an, welche die erste
kreuzt: G des Kapitals I ist zugleich G! für ein Kapital II, schließt einen Um¬
schlagszyklus ab, G“ ist G, eröffnet die Zirkulation des Kapitals I von Neuem¬
oder jene eines anderen Kapitals, W. ist W! für ein Kapital III und W! ist
mit der alleinigen Ausnahme, wenn es von einem Kapitalisten IV oder
von den Kapitalisten I. II und III persönlich verzehrt wird.“",Kapital | Das Kapital,kapital | der kapital
1900-01a,20434,2878659,"Alles, was durch die Hände des Kapitalisten geht, ist Kapital, nur was
durch seinen Magen geht, ist es nicht.",Kapital,kapital
1900-01a,20444,2879976,"Allein bald entwickelt das Kapital derartige Produktiv¬
kräfte, daß ihm die übernommene Erbschaft des Waarenmarktes nicht mehr
genügt.",Kapital | Das Kapital,kapital | der kapital
1900-01a,20466,2882799,"Profitrate in dem kapitalistisch weniger entwickelten Lande lockt auswärtiges,
Kapital an.",Kapital,kapital
1900-01a,20468,2883007,"Aber selbstverständlich braucht,
der Kapitalist nicht dem Kapital auf allen seinen Wanderungen nachzufolgen.",Kapital | Das Kapital,kapital | der kapital
1900-01a,20472,2883589,"Die internationalen Börsenplätze liefern das Kapital der nationalen Staats¬
schulden und fördern dadurch ebenfalls die industrielle Entwicklung.",Kapital | Das Kapital,kapital | der kapital
1900-01a,20478,2884706,"Um so
mehr sucht das Kapital auswärtige Anlagen.“",Kapital | Das Kapital,kapital | der kapital
1900-01a,20483,2885285,"Es ist dieselbe Entwicklung, die das konstante Kapital stärker ver¬
mehrt als das variable und die Profitrate senkt.",Kapital,kapital
1900-01a,20485,2885508,"Je mehr der Waarenwerth aus altem, reproduzirtem Werthe besteht, was ja
durch das Anwachsen des konstanten Kapitals bedingt wird, desto weniger macht,
sich im Waarenpreis der Unterschied der Leistungsfählgkeit der Arbeitermassen,
geltend.",Kapital,kapital
1900-01a,20497,2887186,"Wir kommen zum Schlusse: die wichtigste Bedingung der industriellen Ent¬
wicklung eines kapitalistisch rückständigen Landes ist der Handels- und Kapitals¬
verkehr mit dem industriell weiter fortgeschrittenen Lande.",Kapital,kapital
1900-01a,20517,2889448,"Die Ueberproduktion, die das Kapital um die Welt jagt, ruft auf jedem
„inneren Markte“ gerade umgekehrt, das Bestreben nach Isolirung hervor.",Kapital | Das Kapital,kapital | der kapital
1900-01a,20518,2889590,"Die
revolutionäre Wirkung der kapitalistischen Weltproduktion entzieht sich dem Ge¬
sichtskreis des nationalen Kapitals.",Kapital,kapital
1900-01a,20541,2891815,"Allein
die Werthsumme des Mehrbedarfes an Rohstoffen und Subsistenzmitteln der
Arbeiter wird selbstverständlich nur einen Theil des Werthes bilden, um den die
Waareneinfuhr in Folge der Schutzzölle zurückgeht, da dieser letztere nicht nur
aus variablem und flüssigem, sondern aus der Reproduktion des firen Kapitals
besteht.",Kapital,kapital
1900-01a,20554,2893703,"Nehmen wir
an, daß dieser Werth sich aus Mehrwerth (m), vartablem (v), flüssigem (c) und
fixem (k) Kapital wie folgt zusammensetzt:
miytett =112:4:1.5
Wenn nun in den erwähnten 160 Millionen 20 Millionen reproduzirtes
fixes Kapital stecken, so müßte, bei 62 Prozent Abschreibungen, eine Neu¬
anlage von 300 Millionen Mark fixes Kapital stattgefunden haben.",Kapital,kapital
1900-01a,20561,2894622,"Die
Jahresrate von 20 Millionen fixes Kapital erscheint zwar im Werthe der Fabri¬
kate, aber nicht mehr als Nachfrage nach Maschinen, sondern als Rückzahlung,
der gemachten Auslagen, die zum Theile oder ganz ins Ausland fließt.",Kapital,kapital
1900-01a,20563,2895009,"Die 80 Millionen Mehrausgabe an flüssigem Kapital sind vor Allem¬
eine Nachfrage nach Rohstoffen.",Kapital,kapital
1900-01a,20566,2895551,"Es ist die Möglichkeit denkbar, daß die durch einen Schutzzoll bedingte Ver¬
mehrung des firen und flüssigen Kapitals ausschließlich dem Ausland zu Gute¬
kommt.",Kapital,kapital
1900-01a,20568,2895925,"Die Vermehrung des variablen Kapitals, in unserem Exempel 40 Millionen,
bedeutet an und für sich eine Vermehrung der Arbeiterbeschäftigung.",Kapital,kapital
1900-01a,20573,2896452,"In der ersten Zeit, da
das fixe Kapital vermehrt wird, tritt sogar eine bedeutende Erweiterung des
Waarenbezugs vom Ausland ein.",Kapital,kapital
1900-01a,20604,2900030,"2. Je größer das konstante Kapital im Verhältniß zum variablen, destor
geringer die aus den Schutzzöllen entspringenden Vortheile selbst für die Arbeiter
der begünstigten Industriezweige.",Kapital,kapital
1900-01a,20621,2902255,"Das¬
Bestreben des nationalen Kapitals, alle jene Momente, welche seine industrielle
Infertorität bedingen — die hohe Profitrate, die geringen Löhne, die rückständige
Technik, die ungenügende Betriebskonzentration, die schlechten Handels- und
Kreditverhältnisse &c. rc. — zu konserviren, die revolutionäre Wirkung des aus¬
ländischen Kapitals zu beseitigen und ein Monopol der Ausbeutung der Konsu¬
menten zu schaffen.",Kapital,kapital
1900-01a,20629,2903748,"Mit der Konzentration des Kapitals wird,
es möglich, durch Kartellirungen den inländischen Markt mehr oder weniger,
zu beherrschen — um so intensiver das Verlangen nach Schutzzöllen gegen das
Ausland.",Kapital | Das Kapital,kapital | der kapital
1900-01a,20637,2904712,"Gerade weil der Aufschwung überall den
Waarenmarkt erweitert, entsteht im Augenblick des Zusammenbruchs das heftige
Verlangen des nationalen Kapitals, die stattgehabte Ausdehnung des Marktes,
für sich zu monopolisiren.",Kapital,kapital
1900-01a,20666,2909147,"Aber kleinlich,
wie das europcische Kapital in seinem Verhalten gegenüber der Arbeiterklasse ist,
ist es auch in seiner Handelspolitik.",Kapital,kapital
1900-01a,20762,2922530,jährlich und mit einer Verzinsung der geliehenen Kapitalien von 4 bis 5 Prozent.,Kapital,kapital
1900-01a,20993,2957502,"Das Schutzzollsystem giebt dem Kapital des einen
Landes die Waffen in die Hand, um den Kapitalen der anderen Länder trotzen,
zu können;",Kapital | Das Kapital,kapital | der kapital
1900-01a,20994,2957638,"es verstärkt die Kraft jenes Kapitals gegenüber dem fremden, und
bildet sich zugleich ein, durch dieselben Mittel dasselbe Kapital klein und schwach¬
zu machen gegenüber der arbeitenden Klasse.",Kapital,kapital
1900-01a,20995,2957832,"Das hieße doch zuletzt an die
Philanthropie des Kapitals appelliren, als ob das Kapital als solches Philanthrop
sein könnte.",Kapital | Das Kapital,kapital | der kapital
1900-01a,21287,2995322,"In diesen Krisen ist eine Unmasse,
des in jenen Ländern angelegten englischen Kapitals zu Grunde gegangen.",Kapital,kapital
1900-01a,21422,3008854,"Die Kapitalien, die in der Heimath keine Verwendung
fanden, strömten nach China, Kleinasien, Südamerika und Südafrika.",Kapital | Das Kapital,kapital | der kapital
1900-01a,21424,3009051,"Ihre
Regierungen werden deshalb gezwungen, ihr „nationales“ Kapital gegenüber den
dortigen unzivilisirten, das heißt antikapitalistischen Regierungen zu schützen.",Kapital,kapital
1900-01a,21427,3009369,"Die Vereinigten Staaten hingegen, die noch Gelegenheit und Raum genug haben,
ihre Kapitalien zu Hause anzulegen, verlangen vorläufig nur Absatzmärkte für
ihre Ueberproduktion, die sich unausgesetzt steigert.",Kapital,kapital
1900-01a,21763,3053081,"„Da nun"", wir zitiren Professor
Baumeister, einen der hervorragendsten Vertreter der offenen Bauweise, „die Miether¬
auf dem aufgewendeten Kapital beruhe und dies Kapital aus zwei Posten zu¬
sammengesetzt sei, dem Preise für Ankauf des Bauplatzes und für Herstellung des
Hauses, so müsse, wenn der Preis der Baustelle heruntergehe, weil die Baupolizei¬
für geringere Ausnützung Sorge getragen habe, doch das anfgewandte Kapital¬
auch heruntergehen und der Vermiether könne bei dem gleichen Nutzen für ihn
die Wohnung billiger vermiethen.“",Kapital,kapital
1900-01a,21943,3073248,"Zählt man diese zu jenen hinzu, so ergiebt,
sich eine Gesammtzahl von 4825 Gesellschaften mit 15583 Millionen Mark Grund¬
kapital.",Kapital,kapital
